horizon,access_group,weekday_group,n,n_lots,n_days,persistence_mae,ml_mae,persistence_rmse,ml_rmse,gain_pp,gain_pct,status,fold,test_date
15,all,all,8369,51,1,1.956147275104002,1.8697171038712685,3.93053485223356,3.8095720489759883,0.08643017123273355,4.41838773249516,better,1,2026-09-12
15,all,weekday,0,0,0,,,,,,,unavailable,1,2026-09-12
15,all,weekend,8369,51,1,1.956147275104002,1.8697171038712685,3.93053485223356,3.8095720489759883,0.08643017123273355,4.41838773249516,better,1,2026-09-12
15,accessible,all,8369,51,1,1.956147275104002,1.8697171038712685,3.93053485223356,3.8095720489759883,0.08643017123273355,4.41838773249516,better,1,2026-09-12
15,accessible,weekday,0,0,0,,,,,,,unavailable,1,2026-09-12
15,accessible,weekend,8369,51,1,1.956147275104002,1.8697171038712685,3.93053485223356,3.8095720489759883,0.08643017123273355,4.41838773249516,better,1,2026-09-12
15,closed,all,0,0,0,,,,,,,unavailable,1,2026-09-12
15,closed,weekday,0,0,0,,,,,,,unavailable,1,2026-09-12
15,closed,weekend,0,0,0,,,,,,,unavailable,1,2026-09-12
15,unknown,all,0,0,0,,,,,,,unavailable,1,2026-09-12
15,unknown,weekday,0,0,0,,,,,,,unavailable,1,2026-09-12
15,unknown,weekend,0,0,0,,,,,,,unavailable,1,2026-09-12
15,all,all,11838,46,1,1.664805552849973,1.5872021338698141,3.757048646706676,3.6141265331580223,0.07760341898015888,4.661410387976538,better,2,2026-09-13
15,all,weekday,0,0,0,,,,,,,unavailable,2,2026-09-13
15,all,weekend,11838,46,1,1.664805552849973,1.5872021338698141,3.757048646706676,3.6141265331580223,0.07760341898015888,4.661410387976538,better,2,2026-09-13
15,accessible,all,11838,46,1,1.664805552849973,1.5872021338698141,3.757048646706676,3.6141265331580223,0.07760341898015888,4.661410387976538,better,2,2026-09-13
15,accessible,weekday,0,0,0,,,,,,,unavailable,2,2026-09-13
15,accessible,weekend,11838,46,1,1.664805552849973,1.5872021338698141,3.757048646706676,3.6141265331580223,0.07760341898015888,4.661410387976538,better,2,2026-09-13
15,closed,all,0,0,0,,,,,,,unavailable,2,2026-09-13
15,closed,weekday,0,0,0,,,,,,,unavailable,2,2026-09-13
15,closed,weekend,0,0,0,,,,,,,unavailable,2,2026-09-13
15,unknown,all,0,0,0,,,,,,,unavailable,2,2026-09-13
15,unknown,weekday,0,0,0,,,,,,,unavailable,2,2026-09-13
15,unknown,weekend,0,0,0,,,,,,,unavailable,2,2026-09-13
15,all,all,10541,66,1,2.5889473408760693,2.475980966806304,5.475023821647992,5.352382786918316,0.11296637406976506,4.363409494128165,better,3,2026-09-14
15,all,weekday,10541,66,1,2.5889473408760693,2.475980966806304,5.475023821647992,5.352382786918316,0.11296637406976506,4.363409494128165,better,3,2026-09-14
15,all,weekend,0,0,0,,,,,,,unavailable,3,2026-09-14
15,accessible,all,10541,66,1,2.5889473408760693,2.475980966806304,5.475023821647992,5.352382786918316,0.11296637406976506,4.363409494128165,better,3,2026-09-14
15,accessible,weekday,10541,66,1,2.5889473408760693,2.475980966806304,5.475023821647992,5.352382786918316,0.11296637406976506,4.363409494128165,better,3,2026-09-14
15,accessible,weekend,0,0,0,,,,,,,unavailable,3,2026-09-14
15,closed,all,0,0,0,,,,,,,unavailable,3,2026-09-14
15,closed,weekday,0,0,0,,,,,,,unavailable,3,2026-09-14
15,closed,weekend,0,0,0,,,,,,,unavailable,3,2026-09-14
15,unknown,all,0,0,0,,,,,,,unavailable,3,2026-09-14
15,unknown,weekday,0,0,0,,,,,,,unavailable,3,2026-09-14
15,unknown,weekend,0,0,0,,,,,,,unavailable,3,2026-09-14
15,all,all,8882,66,1,3.18645673831479,3.123477592673393,6.580501898125526,6.522957679984887,0.06297914564139706,1.9764632258809394,better,4,2026-09-15
15,all,weekday,8882,66,1,3.18645673831479,3.123477592673393,6.580501898125526,6.522957679984887,0.06297914564139706,1.9764632258809394,better,4,2026-09-15
15,all,weekend,0,0,0,,,,,,,unavailable,4,2026-09-15
15,accessible,all,8882,66,1,3.18645673831479,3.123477592673393,6.580501898125526,6.522957679984887,0.06297914564139706,1.9764632258809394,better,4,2026-09-15
15,accessible,weekday,8882,66,1,3.18645673831479,3.123477592673393,6.580501898125526,6.522957679984887,0.06297914564139706,1.9764632258809394,better,4,2026-09-15
15,accessible,weekend,0,0,0,,,,,,,unavailable,4,2026-09-15
15,closed,all,0,0,0,,,,,,,unavailable,4,2026-09-15
15,closed,weekday,0,0,0,,,,,,,unavailable,4,2026-09-15
15,closed,weekend,0,0,0,,,,,,,unavailable,4,2026-09-15
15,unknown,all,0,0,0,,,,,,,unavailable,4,2026-09-15
15,unknown,weekday,0,0,0,,,,,,,unavailable,4,2026-09-15
15,unknown,weekend,0,0,0,,,,,,,unavailable,4,2026-09-15
15,all,all,12111,66,1,2.8806734802405995,2.8324695299821876,5.905854520885698,5.856399966814864,0.048203950258411954,1.673356962844184,better,5,2026-09-16
15,all,weekday,12111,66,1,2.8806734802405995,2.8324695299821876,5.905854520885698,5.856399966814864,0.048203950258411954,1.673356962844184,better,5,2026-09-16
15,all,weekend,0,0,0,,,,,,,unavailable,5,2026-09-16
15,accessible,all,12111,66,1,2.8806734802405995,2.8324695299821876,5.905854520885698,5.856399966814864,0.048203950258411954,1.673356962844184,better,5,2026-09-16
15,accessible,weekday,12111,66,1,2.8806734802405995,2.8324695299821876,5.905854520885698,5.856399966814864,0.048203950258411954,1.673356962844184,better,5,2026-09-16
15,accessible,weekend,0,0,0,,,,,,,unavailable,5,2026-09-16
15,closed,all,0,0,0,,,,,,,unavailable,5,2026-09-16
15,closed,weekday,0,0,0,,,,,,,unavailable,5,2026-09-16
15,closed,weekend,0,0,0,,,,,,,unavailable,5,2026-09-16
15,unknown,all,0,0,0,,,,,,,unavailable,5,2026-09-16
15,unknown,weekday,0,0,0,,,,,,,unavailable,5,2026-09-16
15,unknown,weekend,0,0,0,,,,,,,unavailable,5,2026-09-16
15,all,all,8295,66,1,2.3383722466787957,2.1943198481467956,4.952269208715719,4.773941592229708,0.14405239853200014,6.160370691047956,better,6,2026-09-17
15,all,weekday,8295,66,1,2.3383722466787957,2.1943198481467956,4.952269208715719,4.773941592229708,0.14405239853200014,6.160370691047956,better,6,2026-09-17
15,all,weekend,0,0,0,,,,,,,unavailable,6,2026-09-17
15,accessible,all,8295,66,1,2.3383722466787957,2.1943198481467956,4.952269208715719,4.773941592229708,0.14405239853200014,6.160370691047956,better,6,2026-09-17
15,accessible,weekday,8295,66,1,2.3383722466787957,2.1943198481467956,4.952269208715719,4.773941592229708,0.14405239853200014,6.160370691047956,better,6,2026-09-17
15,accessible,weekend,0,0,0,,,,,,,unavailable,6,2026-09-17
15,closed,all,0,0,0,,,,,,,unavailable,6,2026-09-17
15,closed,weekday,0,0,0,,,,,,,unavailable,6,2026-09-17
15,closed,weekend,0,0,0,,,,,,,unavailable,6,2026-09-17
15,unknown,all,0,0,0,,,,,,,unavailable,6,2026-09-17
15,unknown,weekday,0,0,0,,,,,,,unavailable,6,2026-09-17
15,unknown,weekend,0,0,0,,,,,,,unavailable,6,2026-09-17
15,all,all,11672,66,1,2.692277875945244,2.604455454837007,5.472557313271931,5.379515197087249,0.08782242110823724,3.2620117667981527,better,7,2026-09-18
15,all,weekday,11672,66,1,2.692277875945244,2.604455454837007,5.472557313271931,5.379515197087249,0.08782242110823724,3.2620117667981527,better,7,2026-09-18
15,all,weekend,0,0,0,,,,,,,unavailable,7,2026-09-18
15,accessible,all,11672,66,1,2.692277875945244,2.604455454837007,5.472557313271931,5.379515197087249,0.08782242110823724,3.2620117667981527,better,7,2026-09-18
15,accessible,weekday,11672,66,1,2.692277875945244,2.604455454837007,5.472557313271931,5.379515197087249,0.08782242110823724,3.2620117667981527,better,7,2026-09-18
15,accessible,weekend,0,0,0,,,,,,,unavailable,7,2026-09-18
15,closed,all,0,0,0,,,,,,,unavailable,7,2026-09-18
15,closed,weekday,0,0,0,,,,,,,unavailable,7,2026-09-18
15,closed,weekend,0,0,0,,,,,,,unavailable,7,2026-09-18
15,unknown,all,0,0,0,,,,,,,unavailable,7,2026-09-18
15,unknown,weekday,0,0,0,,,,,,,unavailable,7,2026-09-18
15,unknown,weekend,0,0,0,,,,,,,unavailable,7,2026-09-18
30,all,all,7399,51,1,3.175156953951178,2.841410635959028,5.872901605174655,5.337372675565558,0.33374631799215004,10.511175442109556,better,1,2026-09-12
30,all,weekday,0,0,0,,,,,,,unavailable,1,2026-09-12
30,all,weekend,7399,51,1,3.175156953951178,2.841410635959028,5.872901605174655,5.337372675565558,0.33374631799215004,10.511175442109556,better,1,2026-09-12
30,accessible,all,7399,51,1,3.175156953951178,2.841410635959028,5.872901605174655,5.337372675565558,0.33374631799215004,10.511175442109556,better,1,2026-09-12
30,accessible,weekday,0,0,0,,,,,,,unavailable,1,2026-09-12
30,accessible,weekend,7399,51,1,3.175156953951178,2.841410635959028,5.872901605174655,5.337372675565558,0.33374631799215004,10.511175442109556,better,1,2026-09-12
30,closed,all,0,0,0,,,,,,,unavailable,1,2026-09-12
30,closed,weekday,0,0,0,,,,,,,unavailable,1,2026-09-12
30,closed,weekend,0,0,0,,,,,,,unavailable,1,2026-09-12
30,unknown,all,0,0,0,,,,,,,unavailable,1,2026-09-12
30,unknown,weekday,0,0,0,,,,,,,unavailable,1,2026-09-12
30,unknown,weekend,0,0,0,,,,,,,unavailable,1,2026-09-12
30,all,all,11574,46,1,2.7524453356189595,2.4668887697196054,5.83514691159071,5.306297279629451,0.2855565658993542,10.37464985058965,better,2,2026-09-13
30,all,weekday,0,0,0,,,,,,,unavailable,2,2026-09-13
30,all,weekend,11574,46,1,2.7524453356189595,2.4668887697196054,5.83514691159071,5.306297279629451,0.2855565658993542,10.37464985058965,better,2,2026-09-13
30,accessible,all,11574,46,1,2.7524453356189595,2.4668887697196054,5.83514691159071,5.306297279629451,0.2855565658993542,10.37464985058965,better,2,2026-09-13
30,accessible,weekday,0,0,0,,,,,,,unavailable,2,2026-09-13
30,accessible,weekend,11574,46,1,2.7524453356189595,2.4668887697196054,5.83514691159071,5.306297279629451,0.2855565658993542,10.37464985058965,better,2,2026-09-13
30,closed,all,0,0,0,,,,,,,unavailable,2,2026-09-13
30,closed,weekday,0,0,0,,,,,,,unavailable,2,2026-09-13
30,closed,weekend,0,0,0,,,,,,,unavailable,2,2026-09-13
30,unknown,all,0,0,0,,,,,,,unavailable,2,2026-09-13
30,unknown,weekday,0,0,0,,,,,,,unavailable,2,2026-09-13
30,unknown,weekend,0,0,0,,,,,,,unavailable,2,2026-09-13
30,all,all,10145,66,1,3.9654313319610264,3.431104407752633,7.540974787241019,6.828682919986402,0.5343269242083935,13.474623047983851,better,3,2026-09-14
30,all,weekday,10145,66,1,3.9654313319610264,3.431104407752633,7.540974787241019,6.828682919986402,0.5343269242083935,13.474623047983851,better,3,2026-09-14
30,all,weekend,0,0,0,,,,,,,unavailable,3,2026-09-14
30,accessible,all,10145,66,1,3.9654313319610264,3.431104407752633,7.540974787241019,6.828682919986402,0.5343269242083935,13.474623047983851,better,3,2026-09-14
30,accessible,weekday,10145,66,1,3.9654313319610264,3.431104407752633,7.540974787241019,6.828682919986402,0.5343269242083935,13.474623047983851,better,3,2026-09-14
30,accessible,weekend,0,0,0,,,,,,,unavailable,3,2026-09-14
30,closed,all,0,0,0,,,,,,,unavailable,3,2026-09-14
30,closed,weekday,0,0,0,,,,,,,unavailable,3,2026-09-14
30,closed,weekend,0,0,0,,,,,,,unavailable,3,2026-09-14
30,unknown,all,0,0,0,,,,,,,unavailable,3,2026-09-14
30,unknown,weekday,0,0,0,,,,,,,unavailable,3,2026-09-14
30,unknown,weekend,0,0,0,,,,,,,unavailable,3,2026-09-14
30,all,all,8255,66,1,4.801998115527953,4.442302602962673,9.09663106456833,8.628487439816,0.35969551256527943,7.490538394885083,better,4,2026-09-15
30,all,weekday,8255,66,1,4.801998115527953,4.442302602962673,9.09663106456833,8.628487439816,0.35969551256527943,7.490538394885083,better,4,2026-09-15
30,all,weekend,0,0,0,,,,,,,unavailable,4,2026-09-15
30,accessible,all,8255,66,1,4.801998115527953,4.442302602962673,9.09663106456833,8.628487439816,0.35969551256527943,7.490538394885083,better,4,2026-09-15
30,accessible,weekday,8255,66,1,4.801998115527953,4.442302602962673,9.09663106456833,8.628487439816,0.35969551256527943,7.490538394885083,better,4,2026-09-15
30,accessible,weekend,0,0,0,,,,,,,unavailable,4,2026-09-15
30,closed,all,0,0,0,,,,,,,unavailable,4,2026-09-15
30,closed,weekday,0,0,0,,,,,,,unavailable,4,2026-09-15
30,closed,weekend,0,0,0,,,,,,,unavailable,4,2026-09-15
30,unknown,all,0,0,0,,,,,,,unavailable,4,2026-09-15
30,unknown,weekday,0,0,0,,,,,,,unavailable,4,2026-09-15
30,unknown,weekend,0,0,0,,,,,,,unavailable,4,2026-09-15
30,all,all,11526,66,1,4.51558931407523,4.056568879272969,8.460968256404902,7.863832819861221,0.4590204348022615,10.165238751262892,better,5,2026-09-16
30,all,weekday,11526,66,1,4.51558931407523,4.056568879272969,8.460968256404902,7.863832819861221,0.4590204348022615,10.165238751262892,better,5,2026-09-16
30,all,weekend,0,0,0,,,,,,,unavailable,5,2026-09-16
30,accessible,all,11526,66,1,4.51558931407523,4.056568879272969,8.460968256404902,7.863832819861221,0.4590204348022615,10.165238751262892,better,5,2026-09-16
30,accessible,weekday,11526,66,1,4.51558931407523,4.056568879272969,8.460968256404902,7.863832819861221,0.4590204348022615,10.165238751262892,better,5,2026-09-16
30,accessible,weekend,0,0,0,,,,,,,unavailable,5,2026-09-16
30,closed,all,0,0,0,,,,,,,unavailable,5,2026-09-16
30,closed,weekday,0,0,0,,,,,,,unavailable,5,2026-09-16
30,closed,weekend,0,0,0,,,,,,,unavailable,5,2026-09-16
30,unknown,all,0,0,0,,,,,,,unavailable,5,2026-09-16
30,unknown,weekday,0,0,0,,,,,,,unavailable,5,2026-09-16
30,unknown,weekend,0,0,0,,,,,,,unavailable,5,2026-09-16
30,all,all,7331,66,1,3.5717218514384954,3.0616883360435354,6.8999510819209355,6.165765619298315,0.51003351539496,14.279765799499371,better,6,2026-09-17
30,all,weekday,7331,66,1,3.5717218514384954,3.0616883360435354,6.8999510819209355,6.165765619298315,0.51003351539496,14.279765799499371,better,6,2026-09-17
30,all,weekend,0,0,0,,,,,,,unavailable,6,2026-09-17
30,accessible,all,7331,66,1,3.5717218514384954,3.0616883360435354,6.8999510819209355,6.165765619298315,0.51003351539496,14.279765799499371,better,6,2026-09-17
30,accessible,weekday,7331,66,1,3.5717218514384954,3.0616883360435354,6.8999510819209355,6.165765619298315,0.51003351539496,14.279765799499371,better,6,2026-09-17
30,accessible,weekend,0,0,0,,,,,,,unavailable,6,2026-09-17
30,closed,all,0,0,0,,,,,,,unavailable,6,2026-09-17
30,closed,weekday,0,0,0,,,,,,,unavailable,6,2026-09-17
30,closed,weekend,0,0,0,,,,,,,unavailable,6,2026-09-17
30,unknown,all,0,0,0,,,,,,,unavailable,6,2026-09-17
30,unknown,weekday,0,0,0,,,,,,,unavailable,6,2026-09-17
30,unknown,weekend,0,0,0,,,,,,,unavailable,6,2026-09-17
30,all,all,11084,66,1,4.10934998860723,3.725375478278842,7.63591106215406,7.102817688712453,0.3839745103283878,9.343923282098617,better,7,2026-09-18
30,all,weekday,11084,66,1,4.10934998860723,3.725375478278842,7.63591106215406,7.102817688712453,0.3839745103283878,9.343923282098617,better,7,2026-09-18
30,all,weekend,0,0,0,,,,,,,unavailable,7,2026-09-18
30,accessible,all,11084,66,1,4.10934998860723,3.725375478278842,7.63591106215406,7.102817688712453,0.3839745103283878,9.343923282098617,better,7,2026-09-18
30,accessible,weekday,11084,66,1,4.10934998860723,3.725375478278842,7.63591106215406,7.102817688712453,0.3839745103283878,9.343923282098617,better,7,2026-09-18
30,accessible,weekend,0,0,0,,,,,,,unavailable,7,2026-09-18
30,closed,all,0,0,0,,,,,,,unavailable,7,2026-09-18
30,closed,weekday,0,0,0,,,,,,,unavailable,7,2026-09-18
30,closed,weekend,0,0,0,,,,,,,unavailable,7,2026-09-18
30,unknown,all,0,0,0,,,,,,,unavailable,7,2026-09-18
30,unknown,weekday,0,0,0,,,,,,,unavailable,7,2026-09-18
30,unknown,weekend,0,0,0,,,,,,,unavailable,7,2026-09-18
60,all,all,5461,51,1,5.375933823295663,4.411718799301552,9.257644619137674,7.642895900450418,0.964215023994111,17.93576810443341,better,1,2026-09-12
60,all,weekday,0,0,0,,,,,,,unavailable,1,2026-09-12
60,all,weekend,5461,51,1,5.375933823295663,4.411718799301552,9.257644619137674,7.642895900450418,0.964215023994111,17.93576810443341,better,1,2026-09-12
60,accessible,all,5461,51,1,5.375933823295663,4.411718799301552,9.257644619137674,7.642895900450418,0.964215023994111,17.93576810443341,better,1,2026-09-12
60,accessible,weekday,0,0,0,,,,,,,unavailable,1,2026-09-12
60,accessible,weekend,5461,51,1,5.375933823295663,4.411718799301552,9.257644619137674,7.642895900450418,0.964215023994111,17.93576810443341,better,1,2026-09-12
60,closed,all,0,0,0,,,,,,,unavailable,1,2026-09-12
60,closed,weekday,0,0,0,,,,,,,unavailable,1,2026-09-12
60,closed,weekend,0,0,0,,,,,,,unavailable,1,2026-09-12
60,unknown,all,0,0,0,,,,,,,unavailable,1,2026-09-12
60,unknown,weekday,0,0,0,,,,,,,unavailable,1,2026-09-12
60,unknown,weekend,0,0,0,,,,,,,unavailable,1,2026-09-12
60,all,all,11046,46,1,4.616797134270654,3.798814733187322,9.045917659773218,7.596638042299488,0.8179824010833321,17.71752964866961,better,2,2026-09-13
60,all,weekday,0,0,0,,,,,,,unavailable,2,2026-09-13
60,all,weekend,11046,46,1,4.616797134270654,3.798814733187322,9.045917659773218,7.596638042299488,0.8179824010833321,17.71752964866961,better,2,2026-09-13
60,accessible,all,11046,46,1,4.616797134270654,3.798814733187322,9.045917659773218,7.596638042299488,0.8179824010833321,17.71752964866961,better,2,2026-09-13
60,accessible,weekday,0,0,0,,,,,,,unavailable,2,2026-09-13
60,accessible,weekend,11046,46,1,4.616797134270654,3.798814733187322,9.045917659773218,7.596638042299488,0.8179824010833321,17.71752964866961,better,2,2026-09-13
60,closed,all,0,0,0,,,,,,,unavailable,2,2026-09-13
60,closed,weekday,0,0,0,,,,,,,unavailable,2,2026-09-13
60,closed,weekend,0,0,0,,,,,,,unavailable,2,2026-09-13
60,unknown,all,0,0,0,,,,,,,unavailable,2,2026-09-13
60,unknown,weekday,0,0,0,,,,,,,unavailable,2,2026-09-13
60,unknown,weekend,0,0,0,,,,,,,unavailable,2,2026-09-13
60,all,all,9359,66,1,6.082318523589842,4.44642005282942,10.645976171165495,8.180698677652215,1.6358984707604218,26.895968443870633,better,3,2026-09-14
60,all,weekday,9359,66,1,6.082318523589842,4.44642005282942,10.645976171165495,8.180698677652215,1.6358984707604218,26.895968443870633,better,3,2026-09-14
60,all,weekend,0,0,0,,,,,,,unavailable,3,2026-09-14
60,accessible,all,9359,66,1,6.082318523589842,4.44642005282942,10.645976171165495,8.180698677652215,1.6358984707604218,26.895968443870633,better,3,2026-09-14
60,accessible,weekday,9359,66,1,6.082318523589842,4.44642005282942,10.645976171165495,8.180698677652215,1.6358984707604218,26.895968443870633,better,3,2026-09-14
60,accessible,weekend,0,0,0,,,,,,,unavailable,3,2026-09-14
60,closed,all,0,0,0,,,,,,,unavailable,3,2026-09-14
60,closed,weekday,0,0,0,,,,,,,unavailable,3,2026-09-14
60,closed,weekend,0,0,0,,,,,,,unavailable,3,2026-09-14
60,unknown,all,0,0,0,,,,,,,unavailable,3,2026-09-14
60,unknown,weekday,0,0,0,,,,,,,unavailable,3,2026-09-14
60,unknown,weekend,0,0,0,,,,,,,unavailable,3,2026-09-14
60,all,all,7458,66,1,7.533779667908325,6.1198675693865425,12.776611050474346,10.705788673258144,1.4139120985217826,18.767632726832062,better,4,2026-09-15
60,all,weekday,7458,66,1,7.533779667908325,6.1198675693865425,12.776611050474346,10.705788673258144,1.4139120985217826,18.767632726832062,better,4,2026-09-15
60,all,weekend,0,0,0,,,,,,,unavailable,4,2026-09-15
60,accessible,all,7458,66,1,7.533779667908325,6.1198675693865425,12.776611050474346,10.705788673258144,1.4139120985217826,18.767632726832062,better,4,2026-09-15
60,accessible,weekday,7458,66,1,7.533779667908325,6.1198675693865425,12.776611050474346,10.705788673258144,1.4139120985217826,18.767632726832062,better,4,2026-09-15
60,accessible,weekend,0,0,0,,,,,,,unavailable,4,2026-09-15
60,closed,all,0,0,0,,,,,,,unavailable,4,2026-09-15
60,closed,weekday,0,0,0,,,,,,,unavailable,4,2026-09-15
60,closed,weekend,0,0,0,,,,,,,unavailable,4,2026-09-15
60,unknown,all,0,0,0,,,,,,,unavailable,4,2026-09-15
60,unknown,weekday,0,0,0,,,,,,,unavailable,4,2026-09-15
60,unknown,weekend,0,0,0,,,,,,,unavailable,4,2026-09-15
60,all,all,10571,66,1,7.10354038270166,5.479214188653401,12.1652148304349,9.776587718787376,1.6243261940482592,22.866431476954396,better,5,2026-09-16
60,all,weekday,10571,66,1,7.10354038270166,5.479214188653401,12.1652148304349,9.776587718787376,1.6243261940482592,22.866431476954396,better,5,2026-09-16
60,all,weekend,0,0,0,,,,,,,unavailable,5,2026-09-16
60,accessible,all,10571,66,1,7.10354038270166,5.479214188653401,12.1652148304349,9.776587718787376,1.6243261940482592,22.866431476954396,better,5,2026-09-16
60,accessible,weekday,10571,66,1,7.10354038270166,5.479214188653401,12.1652148304349,9.776587718787376,1.6243261940482592,22.866431476954396,better,5,2026-09-16
60,accessible,weekend,0,0,0,,,,,,,unavailable,5,2026-09-16
60,closed,all,0,0,0,,,,,,,unavailable,5,2026-09-16
60,closed,weekday,0,0,0,,,,,,,unavailable,5,2026-09-16
60,closed,weekend,0,0,0,,,,,,,unavailable,5,2026-09-16
60,unknown,all,0,0,0,,,,,,,unavailable,5,2026-09-16
60,unknown,weekday,0,0,0,,,,,,,unavailable,5,2026-09-16
60,unknown,weekend,0,0,0,,,,,,,unavailable,5,2026-09-16
60,all,all,5465,66,1,5.560793009296973,3.979633608007348,10.170178816057438,7.595548480989626,1.5811594012896255,28.4340632468448,better,6,2026-09-17
60,all,weekday,5465,66,1,5.560793009296973,3.979633608007348,10.170178816057438,7.595548480989626,1.5811594012896255,28.4340632468448,better,6,2026-09-17
60,all,weekend,0,0,0,,,,,,,unavailable,6,2026-09-17
60,accessible,all,5465,66,1,5.560793009296973,3.979633608007348,10.170178816057438,7.595548480989626,1.5811594012896255,28.4340632468448,better,6,2026-09-17
60,accessible,weekday,5465,66,1,5.560793009296973,3.979633608007348,10.170178816057438,7.595548480989626,1.5811594012896255,28.4340632468448,better,6,2026-09-17
60,accessible,weekend,0,0,0,,,,,,,unavailable,6,2026-09-17
60,closed,all,0,0,0,,,,,,,unavailable,6,2026-09-17
60,closed,weekday,0,0,0,,,,,,,unavailable,6,2026-09-17
60,closed,weekend,0,0,0,,,,,,,unavailable,6,2026-09-17
60,unknown,all,0,0,0,,,,,,,unavailable,6,2026-09-17
60,unknown,weekday,0,0,0,,,,,,,unavailable,6,2026-09-17
60,unknown,weekend,0,0,0,,,,,,,unavailable,6,2026-09-17
60,all,all,10043,66,1,6.051157534086416,4.874169976697296,10.439970786511545,8.477649190445039,1.1769875573891202,19.450618344657226,better,7,2026-09-18
60,all,weekday,10043,66,1,6.051157534086416,4.874169976697296,10.439970786511545,8.477649190445039,1.1769875573891202,19.450618344657226,better,7,2026-09-18
60,all,weekend,0,0,0,,,,,,,unavailable,7,2026-09-18
60,accessible,all,10043,66,1,6.051157534086416,4.874169976697296,10.439970786511545,8.477649190445039,1.1769875573891202,19.450618344657226,better,7,2026-09-18
60,accessible,weekday,10043,66,1,6.051157534086416,4.874169976697296,10.439970786511545,8.477649190445039,1.1769875573891202,19.450618344657226,better,7,2026-09-18
60,accessible,weekend,0,0,0,,,,,,,unavailable,7,2026-09-18
60,closed,all,0,0,0,,,,,,,unavailable,7,2026-09-18
60,closed,weekday,0,0,0,,,,,,,unavailable,7,2026-09-18
60,closed,weekend,0,0,0,,,,,,,unavailable,7,2026-09-18
60,unknown,all,0,0,0,,,,,,,unavailable,7,2026-09-18
60,unknown,weekday,0,0,0,,,,,,,unavailable,7,2026-09-18
60,unknown,weekend,0,0,0,,,,,,,unavailable,7,2026-09-18
120,all,all,2507,51,1,8.85228955825454,6.790246760629747,14.251461271484231,10.899324871823064,2.062042797624793,23.29389232079501,better,1,2026-09-12
120,all,weekday,0,0,0,,,,,,,unavailable,1,2026-09-12
120,all,weekend,2507,51,1,8.85228955825454,6.790246760629747,14.251461271484231,10.899324871823064,2.062042797624793,23.29389232079501,better,1,2026-09-12
120,accessible,all,2507,51,1,8.85228955825454,6.790246760629747,14.251461271484231,10.899324871823064,2.062042797624793,23.29389232079501,better,1,2026-09-12
120,accessible,weekday,0,0,0,,,,,,,unavailable,1,2026-09-12
120,accessible,weekend,2507,51,1,8.85228955825454,6.790246760629747,14.251461271484231,10.899324871823064,2.062042797624793,23.29389232079501,better,1,2026-09-12
120,closed,all,0,0,0,,,,,,,unavailable,1,2026-09-12
120,closed,weekday,0,0,0,,,,,,,unavailable,1,2026-09-12
120,closed,weekend,0,0,0,,,,,,,unavailable,1,2026-09-12
120,unknown,all,0,0,0,,,,,,,unavailable,1,2026-09-12
120,unknown,weekday,0,0,0,,,,,,,unavailable,1,2026-09-12
120,unknown,weekend,0,0,0,,,,,,,unavailable,1,2026-09-12
120,all,all,9990,46,1,7.634879490879018,5.389542827260504,13.525438413684567,9.651225086326104,2.245336663618514,29.40893391049456,better,2,2026-09-13
120,all,weekday,0,0,0,,,,,,,unavailable,2,2026-09-13
120,all,weekend,9990,46,1,7.634879490879018,5.389542827260504,13.525438413684567,9.651225086326104,2.245336663618514,29.40893391049456,better,2,2026-09-13
120,accessible,all,9990,46,1,7.634879490879018,5.389542827260504,13.525438413684567,9.651225086326104,2.245336663618514,29.40893391049456,better,2,2026-09-13
120,accessible,weekday,0,0,0,,,,,,,unavailable,2,2026-09-13
120,accessible,weekend,9990,46,1,7.634879490879018,5.389542827260504,13.525438413684567,9.651225086326104,2.245336663618514,29.40893391049456,better,2,2026-09-13
120,closed,all,0,0,0,,,,,,,unavailable,2,2026-09-13
120,closed,weekday,0,0,0,,,,,,,unavailable,2,2026-09-13
120,closed,weekend,0,0,0,,,,,,,unavailable,2,2026-09-13
120,unknown,all,0,0,0,,,,,,,unavailable,2,2026-09-13
120,unknown,weekday,0,0,0,,,,,,,unavailable,2,2026-09-13
120,unknown,weekend,0,0,0,,,,,,,unavailable,2,2026-09-13
120,all,all,7805,66,1,9.532558982731528,5.515629560555621,15.720748106994098,9.4396842539254,4.016929422175907,42.139046078316184,better,3,2026-09-14
120,all,weekday,7805,66,1,9.532558982731528,5.515629560555621,15.720748106994098,9.4396842539254,4.016929422175907,42.139046078316184,better,3,2026-09-14
120,all,weekend,0,0,0,,,,,,,unavailable,3,2026-09-14
120,accessible,all,7805,66,1,9.532558982731528,5.515629560555621,15.720748106994098,9.4396842539254,4.016929422175907,42.139046078316184,better,3,2026-09-14
120,accessible,weekday,7805,66,1,9.532558982731528,5.515629560555621,15.720748106994098,9.4396842539254,4.016929422175907,42.139046078316184,better,3,2026-09-14
120,accessible,weekend,0,0,0,,,,,,,unavailable,3,2026-09-14
120,closed,all,0,0,0,,,,,,,unavailable,3,2026-09-14
120,closed,weekday,0,0,0,,,,,,,unavailable,3,2026-09-14
120,closed,weekend,0,0,0,,,,,,,unavailable,3,2026-09-14
120,unknown,all,0,0,0,,,,,,,unavailable,3,2026-09-14
120,unknown,weekday,0,0,0,,,,,,,unavailable,3,2026-09-14
120,unknown,weekend,0,0,0,,,,,,,unavailable,3,2026-09-14
120,all,all,6666,66,1,11.155149509196201,7.033150495216438,17.3134264472411,11.709552173889659,4.121999013979764,36.9515353477031,better,4,2026-09-15
120,all,weekday,6666,66,1,11.155149509196201,7.033150495216438,17.3134264472411,11.709552173889659,4.121999013979764,36.9515353477031,better,4,2026-09-15
120,all,weekend,0,0,0,,,,,,,unavailable,4,2026-09-15
120,accessible,all,6666,66,1,11.155149509196201,7.033150495216438,17.3134264472411,11.709552173889659,4.121999013979764,36.9515353477031,better,4,2026-09-15
120,accessible,weekday,6666,66,1,11.155149509196201,7.033150495216438,17.3134264472411,11.709552173889659,4.121999013979764,36.9515353477031,better,4,2026-09-15
120,accessible,weekend,0,0,0,,,,,,,unavailable,4,2026-09-15
120,closed,all,0,0,0,,,,,,,unavailable,4,2026-09-15
120,closed,weekday,0,0,0,,,,,,,unavailable,4,2026-09-15
120,closed,weekend,0,0,0,,,,,,,unavailable,4,2026-09-15
120,unknown,all,0,0,0,,,,,,,unavailable,4,2026-09-15
120,unknown,weekday,0,0,0,,,,,,,unavailable,4,2026-09-15
120,unknown,weekend,0,0,0,,,,,,,unavailable,4,2026-09-15
120,all,all,9349,66,1,11.2148454106681,7.27129706439155,17.683086441940414,11.925698677037065,3.9435483462765504,35.16364427569601,better,5,2026-09-16
120,all,weekday,9349,66,1,11.2148454106681,7.27129706439155,17.683086441940414,11.925698677037065,3.9435483462765504,35.16364427569601,better,5,2026-09-16
120,all,weekend,0,0,0,,,,,,,unavailable,5,2026-09-16
120,accessible,all,9349,66,1,11.2148454106681,7.27129706439155,17.683086441940414,11.925698677037065,3.9435483462765504,35.16364427569601,better,5,2026-09-16
120,accessible,weekday,9349,66,1,11.2148454106681,7.27129706439155,17.683086441940414,11.925698677037065,3.9435483462765504,35.16364427569601,better,5,2026-09-16
120,accessible,weekend,0,0,0,,,,,,,unavailable,5,2026-09-16
120,closed,all,0,0,0,,,,,,,unavailable,5,2026-09-16
120,closed,weekday,0,0,0,,,,,,,unavailable,5,2026-09-16
120,closed,weekend,0,0,0,,,,,,,unavailable,5,2026-09-16
120,unknown,all,0,0,0,,,,,,,unavailable,5,2026-09-16
120,unknown,weekday,0,0,0,,,,,,,unavailable,5,2026-09-16
120,unknown,weekend,0,0,0,,,,,,,unavailable,5,2026-09-16
120,all,all,2875,66,1,8.60176228223718,4.716814225198216,14.828794816741668,7.931203836153462,3.8849480570389643,45.16455965147355,better,6,2026-09-17
120,all,weekday,2875,66,1,8.60176228223718,4.716814225198216,14.828794816741668,7.931203836153462,3.8849480570389643,45.16455965147355,better,6,2026-09-17
120,all,weekend,0,0,0,,,,,,,unavailable,6,2026-09-17
120,accessible,all,2875,66,1,8.60176228223718,4.716814225198216,14.828794816741668,7.931203836153462,3.8849480570389643,45.16455965147355,better,6,2026-09-17
120,accessible,weekday,2875,66,1,8.60176228223718,4.716814225198216,14.828794816741668,7.931203836153462,3.8849480570389643,45.16455965147355,better,6,2026-09-17
120,accessible,weekend,0,0,0,,,,,,,unavailable,6,2026-09-17
120,closed,all,0,0,0,,,,,,,unavailable,6,2026-09-17
120,closed,weekday,0,0,0,,,,,,,unavailable,6,2026-09-17
120,closed,weekend,0,0,0,,,,,,,unavailable,6,2026-09-17
120,unknown,all,0,0,0,,,,,,,unavailable,6,2026-09-17
120,unknown,weekday,0,0,0,,,,,,,unavailable,6,2026-09-17
120,unknown,weekend,0,0,0,,,,,,,unavailable,6,2026-09-17
120,all,all,8219,66,1,8.737583367511062,6.100642205567414,14.425251948604316,9.803125197126272,2.636941161943648,30.179296162696208,better,7,2026-09-18
120,all,weekday,8219,66,1,8.737583367511062,6.100642205567414,14.425251948604316,9.803125197126272,2.636941161943648,30.179296162696208,better,7,2026-09-18
120,all,weekend,0,0,0,,,,,,,unavailable,7,2026-09-18
120,accessible,all,8219,66,1,8.737583367511062,6.100642205567414,14.425251948604316,9.803125197126272,2.636941161943648,30.179296162696208,better,7,2026-09-18
120,accessible,weekday,8219,66,1,8.737583367511062,6.100642205567414,14.425251948604316,9.803125197126272,2.636941161943648,30.179296162696208,better,7,2026-09-18
120,accessible,weekend,0,0,0,,,,,,,unavailable,7,2026-09-18
120,closed,all,0,0,0,,,,,,,unavailable,7,2026-09-18
120,closed,weekday,0,0,0,,,,,,,unavailable,7,2026-09-18
120,closed,weekend,0,0,0,,,,,,,unavailable,7,2026-09-18
120,unknown,all,0,0,0,,,,,,,unavailable,7,2026-09-18
120,unknown,weekday,0,0,0,,,,,,,unavailable,7,2026-09-18
120,unknown,weekend,0,0,0,,,,,,,unavailable,7,2026-09-18
