parking_id,name,horizon,access_group,n,n_lots,n_days,persistence_mae,ml_mae,persistence_rmse,ml_rmse,gain_pp,gain_pct,status
7,안양2동노외,15,accessible,696,1,7,0.305316091954023,0.305316091954023,1.1797805659986293,1.1797805659986293,0.0,0.0,tie
7,안양2동노외,30,accessible,657,1,7,0.60882800608828,0.5492188045448275,1.8350967028131786,1.7056935106969826,0.059609201543452506,9.790811353512076,better
7,안양2동노외,60,accessible,585,1,7,1.2008547008547008,0.8116148935660393,3.1231832325807436,2.378562388534441,0.3892398072886615,32.41356402332626,better
7,안양2동노외,120,accessible,453,1,7,2.240618101545254,0.6608558300389432,5.382704704307569,1.704437846706316,1.5797622715063109,70.50564620614372,better
8,안양4동노외,15,accessible,1427,1,7,2.330886122385631,1.985582092838117,3.842494773440255,3.2167478269022465,0.34530402954751405,14.814281411315793,better
8,안양4동노외,30,accessible,1340,1,7,3.854552739657417,2.6017560441872223,6.536332067308806,4.19081098819776,1.2527966954701948,32.50173963326132,better
8,안양4동노외,60,accessible,1183,1,7,6.886711636324439,3.6096364304982664,11.548410435915809,5.882661513191061,3.277075205826173,47.58548606189653,better
8,안양4동노외,120,accessible,950,1,7,12.433062522077005,4.505623502837613,19.841854582066546,6.794176727882171,7.927439019239392,63.760951938936074,better
9,예술공원노외,15,accessible,1427,1,7,1.5688090232589178,1.4044004966208672,2.327534638319088,2.077271195969724,0.1644085266380506,10.479830508401943,better
9,예술공원노외,30,accessible,1340,1,7,2.6350390902629712,2.035511491682843,3.8062463691252884,2.9035923261220566,0.5995275985801283,22.752133006129206,better
9,예술공원노외,60,accessible,1183,1,7,4.611963128446644,2.9070863748806026,6.593315744475566,3.9703204710700106,1.7048767535660412,36.966400339376975,better
9,예술공원노외,120,accessible,950,1,7,7.852756892230577,3.900239317328182,11.528402350157018,5.2847857407665115,3.952517574902395,50.3328656310877,better
10,인덕원환승,15,accessible,1427,1,7,1.42079364223723,1.2348052191755214,2.20673619465687,1.9178296743954752,0.1859884230617086,13.090459974809916,better
10,인덕원환승,30,accessible,1340,1,7,2.5463342627521732,1.8630619965155761,3.836593943953836,2.9548379014949773,0.6832722662365971,26.83356526405496,better
10,인덕원환승,60,accessible,1183,1,7,4.793178081428294,3.0170610787908516,6.950684976533013,4.854255776620941,1.776117002637442,37.055101489327235,better
10,인덕원환승,120,accessible,950,1,7,8.608444187391557,4.187757304854683,11.886379305901732,7.310253217035379,4.420686882536874,51.35291332912022,better
11,일번가노외,15,accessible,1427,1,7,2.9092607929328325,2.6852013577832823,4.244759502523859,3.9515662073053255,0.22405943514955018,7.701593328925159,better
11,일번가노외,30,accessible,1340,1,7,4.805517865219357,3.882212803222243,6.84533459047329,5.756668352908778,0.9233050619971137,19.213435219535235,better
11,일번가노외,60,accessible,1183,1,7,8.106423491038875,5.427622919371843,10.820615116124678,7.727938082064735,2.678800571667032,33.0454062093878,better
11,일번가노외,120,accessible,950,1,7,12.145667198298776,6.655113540398057,15.29455781238182,9.013653562152593,5.490553657900719,45.20586286663421,better
12,관악역1환승,15,accessible,1427,1,7,0.7246607632031601,0.7208510177770361,1.5769346843177274,1.561072979599063,0.0038097454261240005,0.5257281226713707,better
12,관악역1환승,30,accessible,1340,1,7,1.2432157394843963,1.17783563162281,2.328852446809,2.1674906313961797,0.06538010786158632,5.258951104391718,better
12,관악역1환승,60,accessible,1183,1,7,2.082532851763621,1.8476174808360182,3.5089687891475485,2.7478025723777035,0.23491537092760284,11.280272036460868,better
12,관악역1환승,120,accessible,950,1,7,3.7822966507177034,2.970556559806821,5.7980925603143865,4.1045726394582855,0.8117400909108823,21.461565970951852,better
13,관악역2환승,15,accessible,1427,1,7,1.6437646628682858,1.6446477634937364,2.7084264540763843,2.7079009834564025,-0.0008831006254506057,-0.053724273638395416,worse
13,관악역2환승,30,accessible,1340,1,7,2.5438027255029203,2.553433811861028,3.8155716514118208,3.8040934975967016,-0.009631086358107499,-0.37860979790417487,worse
13,관악역2환승,60,accessible,1183,1,7,3.592561284868977,3.5955290748902415,5.10004072059213,5.011624048289157,-0.0029677900212643493,-0.08260930812131118,worse
13,관악역2환승,120,accessible,950,1,7,5.31121281464531,4.799020906871041,7.155687270444869,6.543814659795732,0.5121919077742687,9.643596023151892,better
14,호계3동노외,15,accessible,315,1,5,0.5537098560354375,0.5537098560354375,1.6626054720563732,1.6626054720563732,0.0,0.0,tie
14,호계3동노외,30,accessible,294,1,5,1.0915994304698624,0.968618250918856,2.7261425526226293,2.290176910658069,0.1229811795510064,11.266145448433498,better
14,호계3동노외,60,accessible,252,1,5,2.0487264673311185,1.0740584000143276,4.477181619431572,2.9674138723682626,0.9746680673167909,47.574338637138496,better
14,호계3동노외,120,accessible,186,1,5,3.1632908227056764,0.45774228037573156,6.797309123318268,1.2851354433503037,2.705548542329945,85.52955431444624,better
16,평촌지하,15,accessible,1427,1,7,1.5316217322030274,0.8778621982854579,2.354246859183832,1.4837384855072877,0.6537595339175696,42.684138006923305,better
16,평촌지하,30,accessible,1340,1,7,2.9527018125011764,1.2164075877307026,4.497555003876059,1.8742976813236243,1.7362942247704738,58.803574997628786,better
16,평촌지하,60,accessible,1183,1,7,5.786472718279878,2.012852916323685,8.635689732245615,3.107260993155995,3.773619801956193,65.21450952382546,better
16,평촌지하,120,accessible,950,1,7,11.327271520541581,3.254200379284134,15.976264417127028,5.358595101056365,8.073071141257447,71.27110113514306,better
17,화창초교지하,15,accessible,1427,1,7,0.8756421053985071,0.866222000665631,1.5041834803827254,1.491015141000403,0.009420104732876022,1.075793943073227,better
17,화창초교지하,30,accessible,1340,1,7,1.4624127071066686,1.387670602406899,2.317145790355691,2.1932159641080013,0.07474210469976961,5.110876316689302,better
17,화창초교지하,60,accessible,1183,1,7,2.3079249614182573,1.9717954666727986,3.3922656062642313,2.8153933169425556,0.3361294947454587,14.564143131365142,better
17,화창초교지하,120,accessible,950,1,7,3.719942056977306,2.588004496491025,5.0648429627071545,3.6147550597361358,1.1319375604862811,30.428903008399377,better
18,개나리놀이터지하,15,accessible,1427,1,7,1.5980078085894487,1.585742221135123,2.336478128090942,2.2954681600015183,0.0122655874543256,0.7675549135865835,better
18,개나리놀이터지하,30,accessible,1340,1,7,2.4866737739872065,2.2450345762227286,3.4631782240470756,3.082438812054987,0.24163919776447784,9.71736623807418,better
18,개나리놀이터지하,60,accessible,1183,1,7,3.811435816930322,3.246651227492643,5.1294022393586785,4.082110485553748,0.5647845894376791,14.818158210323709,better
18,개나리놀이터지하,120,accessible,950,1,7,5.845864661654135,4.311015071890194,7.9235064767575,5.106545407805856,1.5348495897639411,26.25530487956324,better
20,병목안시민공원노외,15,accessible,1427,1,7,1.285708396883631,1.2185988307679014,1.9483439533838687,1.8045076906557225,0.06710956611572949,5.219656827192952,better
20,병목안시민공원노외,30,accessible,1340,1,7,2.1374012291483755,1.8540338798066387,3.187774573166856,2.694921335359619,0.2833673493417368,13.257564629297114,better
20,병목안시민공원노외,60,accessible,1183,1,7,3.7094127591865145,2.7756636285737737,5.4298642533936645,4.030858771304283,0.9337491306127408,25.172424618971622,better
20,병목안시민공원노외,120,accessible,950,1,7,6.029102167182663,3.789954179666306,9.041819915022954,5.588239692064998,2.239147987516357,37.138995582201055,better
21,해동놀이터지하,15,accessible,1427,1,7,1.316711540589385,1.2664225961333506,2.1101214550947582,2.0094900216295044,0.05028894445603438,3.8192833362365834,better
21,해동놀이터지하,30,accessible,1340,1,7,2.3026315789473686,1.8580326596037604,3.28868804443715,2.6640507686670363,0.4445989193436082,19.308295925779554,better
21,해동놀이터지하,60,accessible,1183,1,7,4.043021755572363,2.676508307239846,5.417040142492233,3.576152740353739,1.3665134483325172,33.79930979716092,better
21,해동놀이터지하,120,accessible,950,1,7,7.157894736842105,3.331078409797969,9.350928298190848,4.558760369887409,3.826816327044136,53.46287515723426,better
22,박달시장1노상노외,15,accessible,483,1,6,5.242531795326826,5.253267240110223,8.551255468346644,8.496180737650986,-0.010735444783397163,-0.20477595945086494,worse
22,박달시장1노상노외,30,accessible,449,1,6,6.888323258033726,6.448603190379224,10.460728666510425,9.642259618178995,0.4397200676545019,6.383557379390759,better
22,박달시장1노상노외,60,accessible,394,1,6,8.167150108774473,6.992964748948178,12.908356224417222,10.972539935903551,1.1741853598262955,14.376928845287118,better
22,박달시장1노상노외,120,accessible,298,1,6,10.043144774688399,7.881643158580741,15.60045497143305,12.126792332646485,2.1615016161076577,21.52215928974021,better
23,덕천노상,15,accessible,316,1,5,1.642555756479807,1.6523851523476278,2.9588100099517494,2.9569986946515208,-0.009829395867820834,-0.5984208346684318,worse
23,덕천노상,30,accessible,292,1,5,2.4787997390737115,2.517223917750434,3.7283424445594227,3.6730023053294456,-0.03842417867672232,-1.550112260826719,worse
23,덕천노상,60,accessible,255,1,5,3.6601307189542482,3.463217436483022,4.836024465491268,4.5676831755852225,0.1969132824712263,5.379952181803147,better
23,덕천노상,120,accessible,195,1,5,4.749694749694749,4.35886395914246,5.81964330126533,5.721794351630651,0.39083079055228875,8.228545436049474,better
24,관악역3환승,15,accessible,1427,1,7,1.646081523008643,1.6087796619115478,2.9181418750699346,2.8547594734347586,0.03730186109709521,2.2661004680324908,better
24,관악역3환승,30,accessible,1340,1,7,2.537313432835821,2.311249540822451,3.8846573608164303,3.529314118054309,0.22606389201337018,8.909576920526941,better
24,관악역3환승,60,accessible,1183,1,7,3.9905607213299525,3.1866336330705196,5.640284146238135,4.555454347371295,0.8039270882594329,20.145717466780066,better
24,관악역3환승,120,accessible,950,1,7,6.453947368421052,4.792424377405849,8.917440325511818,6.7100822006068945,1.661522991015203,25.744290992284494,better
25,관악역4환승,15,accessible,1427,1,7,2.0245151022056467,2.015631395092392,5.706214297269748,5.686484042542718,0.00888370711325459,0.4388066605962122,better
25,관악역4환승,30,accessible,1340,1,7,3.453706046040982,3.182954497359333,8.257821238429687,7.982514364433789,0.2707515486816492,7.839449712056832,better
25,관악역4환승,60,accessible,1183,1,7,5.797527114345889,4.903417093115928,11.523035252941856,10.378259153792154,0.8941100212299604,15.422265452066611,better
25,관악역4환승,120,accessible,950,1,7,10.280107047279214,7.330721616600321,17.22391036740045,13.159774567010498,2.949385430678894,28.690220997839642,better
26,수목원입구노외,15,accessible,1287,1,7,2.9473052200324927,2.922868661093887,5.0518734460409584,4.991769502843397,0.024436558938605746,0.8291153143051925,better
26,수목원입구노외,30,accessible,1206,1,7,4.7527513945424396,4.5027415447475345,7.767254075474596,7.167612553668392,0.25000984979490504,5.260318267056638,better
26,수목원입구노외,60,accessible,1061,1,7,8.060577499785795,6.882123662108498,12.339631105549012,10.315025362531014,1.1784538376772975,14.619967833677105,better
26,수목원입구노외,120,accessible,863,1,7,14.631833982934795,10.291237787540332,20.675301364977983,14.14760647230182,4.340596195394463,29.665428137422342,better
27,인덕원동노외,15,accessible,1427,1,7,1.3594264035266381,1.0751324083089973,2.2016327668632214,1.6701284868004553,0.28429399521764087,20.91279045927918,better
27,인덕원동노외,30,accessible,1340,1,7,2.377031100654364,1.521344039340112,3.820110921676803,2.268235515535781,0.855687061314252,35.9981432753948,better
27,인덕원동노외,60,accessible,1183,1,7,4.281508563433534,2.438901992861631,6.902557283985409,3.536718168305504,1.842606570571903,43.036386434183235,better
27,인덕원동노외,120,accessible,950,1,7,7.507389162561577,3.5490055467713786,11.85806211112324,5.033122829096216,3.958383615790199,52.726500918990176,better
28,삼덕노외,15,accessible,1427,1,7,1.8395234758234058,1.8339317786106666,2.787515715759404,2.765809972955767,0.005591697212739222,0.3039753113363379,better
28,삼덕노외,30,accessible,1340,1,7,2.7133354964308887,2.653574025360574,3.9856670174256337,3.804745790338447,0.05976147107031471,2.2025094629442146,better
28,삼덕노외,60,accessible,1183,1,7,4.013377926421405,3.6566872797863206,5.725179251592037,5.077728835118859,0.3566906466350841,8.887541945324179,better
28,삼덕노외,120,accessible,950,1,7,6.284897025171624,5.1513035336170825,8.523248010068125,6.860081630123367,1.1335934915545414,18.036787031106304,better
29,남부노외,15,accessible,1427,1,7,3.375379584209297,3.3814372564813135,5.126764396955821,5.089646514283577,-0.006057672272016479,-0.1794664013598792,worse
29,남부노외,30,accessible,1340,1,7,5.1147042564953,4.953542640873234,7.547561591230976,7.178583111940769,0.1611616156220661,3.1509469079742516,better
29,남부노외,60,accessible,1183,1,7,7.401145862684324,6.626282748971355,10.53415810764501,9.145727090579076,0.7748631137129687,10.469501994545658,better
29,남부노외,120,accessible,950,1,7,10.263157894736842,7.463961278556996,13.730152023173405,9.773655448756989,2.799196616179846,27.274223439701064,better
30,샘모루초교지하,15,accessible,1427,1,7,4.108730129458194,4.025802356048996,8.984863180853576,8.847371433026861,0.08292777340919777,2.018330987830861,better
30,샘모루초교지하,30,accessible,1340,1,7,7.682639434406913,7.0361341376147575,14.406897575098302,13.791871962573916,0.6465052967921556,8.415145632069674,better
30,샘모루초교지하,60,accessible,1183,1,7,14.293129272886361,11.879727728044418,22.415279036393493,19.875230670300823,2.4134015448419426,16.885046645594212,better
30,샘모루초교지하,120,accessible,950,1,7,21.349953831948287,14.304349825695093,29.557930426083704,21.589021736143316,7.045604006253194,33.00055851038928,better
31,스마트스퀘어지하,15,accessible,1427,1,7,2.08335050908941,1.5882121315453033,4.232554270863245,3.4169913410788144,0.4951383775441067,23.766446182909547,better
31,스마트스퀘어지하,30,accessible,1340,1,7,4.078577699736611,2.4978414039323837,7.823668036293232,5.070604007126414,1.5807362958042273,38.757047485114946,better
31,스마트스퀘어지하,60,accessible,1183,1,7,8.013027696285613,3.9792593030662746,14.504856432864091,8.21086041078756,4.033768393219338,50.34012792803855,better
31,스마트스퀘어지하,120,accessible,950,1,7,15.386996904024766,6.033983966887824,25.194620349485838,11.978909960420978,9.353012937136942,60.78517462163446,better
33,박달시장2노외,15,accessible,1427,1,7,2.412489804358565,2.3803223481996407,3.861587919178049,3.808510457229739,0.032167456158924246,1.3333716934599422,better
33,박달시장2노외,30,accessible,1340,1,7,3.682407633961341,3.3616285576627045,5.686619376915241,5.234444101645462,0.32077907629863667,8.711123487259322,better
33,박달시장2노외,60,accessible,1183,1,7,5.609522885689342,4.4308765033397135,8.214301505222297,6.409730648521722,1.178646382349629,21.011526405507972,better
33,박달시장2노외,120,accessible,950,1,7,8.729939603106127,5.634283946343888,12.578443099022376,7.509902390030107,3.095655656762239,35.460218483765914,better
34,동편마을지하,15,accessible,1427,1,7,1.6771209066169104,1.3933666548743053,2.5506952649098578,2.1506613627790556,0.28375425174260505,16.919129123194484,better
34,동편마을지하,30,accessible,1340,1,7,2.9933156304367734,2.0788763207153202,4.413182781599904,3.114071615841087,0.9144393097214532,30.54937810176809,better
34,동편마을지하,60,accessible,1183,1,7,5.57851775407226,3.012990263091214,7.830166954656968,4.566615992889024,2.5655274909810464,45.989411597878984,better
34,동편마을지하,120,accessible,950,1,7,10.625766871165645,4.167249233369753,14.050299363457878,6.253259119281572,6.458517637795892,60.78166137186665,better
36,충훈동지하,15,accessible,1427,1,7,1.4962203104265757,1.4729324519432756,2.845176528062315,2.806272243583254,0.02328785848330006,1.5564458202455922,better
36,충훈동지하,30,accessible,1340,1,7,2.507939028262941,2.1956976955644953,4.173049598615827,3.764901037789058,0.31224133269844545,12.450116576985181,better
36,충훈동지하,60,accessible,1183,1,7,4.1590978579521956,2.828026573418094,6.194729481340521,4.422312492977155,1.3310712845341017,32.00384626654296,better
36,충훈동지하,120,accessible,950,1,7,6.466965285554311,3.6535861617889878,9.538254270918967,4.989824704007687,2.813379123765323,43.50385380991227,better
37,관양동노외,15,accessible,1427,1,7,1.0770671267806353,0.953553890239785,1.5865383576135916,1.3910752187917046,0.12351323654085034,11.46755234374599,better
37,관양동노외,30,accessible,1340,1,7,1.819265019440612,1.2998672298633358,2.6075290661141355,1.8543970201047002,0.5193977895772761,28.54986953670888,better
37,관양동노외,60,accessible,1183,1,7,3.163513926280572,1.8542443598053442,4.527837645843638,2.4585631365223493,1.3092695664752276,41.386559281392856,better
37,관양동노외,120,accessible,950,1,7,5.367094206103494,2.4688513920180157,7.933748974826331,3.2155609810411057,2.8982428140854783,54.000222518724904,better
38,삼덕공원지하,15,accessible,1427,1,7,1.9043628403615112,1.5283495431044318,3.165262324741963,2.5600152985515465,0.3760132972570793,19.744834822848127,better
38,삼덕공원지하,30,accessible,1340,1,7,3.3720572395753194,2.089743121362286,5.579363179045811,3.314646861937644,1.2823141182130335,38.0276498027219,better
38,삼덕공원지하,60,accessible,1183,1,7,6.163344981743079,3.0438336493386595,10.177886639272547,4.586609881910496,3.1195113324044197,50.61393353195327,better
38,삼덕공원지하,120,accessible,950,1,7,11.29625610417797,4.475413674927189,18.354363512234684,6.301117667177597,6.820842429250781,60.38144289883851,better
39,안양7동노외,15,accessible,1427,1,7,1.430520941456655,1.3682101890192875,2.0605017505761642,1.9415893799330437,0.06231075243736761,4.355808477289295,better
39,안양7동노외,30,accessible,1340,1,7,2.2303894063517,1.8755218575367372,3.0936084951360763,2.5598317429409185,0.35486754881496285,15.910564666617026,better
39,안양7동노외,60,accessible,1183,1,7,3.612581750233572,2.7916273748959632,4.9979343281349315,3.623843641419814,0.820954375337609,22.724866372491917,better
39,안양7동노외,120,accessible,950,1,7,5.885239414325287,3.567310131220535,8.076432532267294,4.623665086483027,2.3179292831047524,39.385471344847424,better
40,안양6동1노외,15,accessible,1427,1,7,2.578836720392432,2.5781621945296034,5.5007024956076425,5.49950850239578,0.0006745258628284567,0.026156206691744774,better
40,안양6동1노외,30,accessible,1340,1,7,4.1940298507462686,4.125564767926568,7.625130833774098,7.489343156732518,0.06846508281970021,1.6324414764839552,better
40,안양6동1노외,60,accessible,1183,1,7,6.463792617638771,5.639571779669111,10.439753227446802,9.22137605243396,0.8242208379696603,12.751350278789559,better
40,안양6동1노외,120,accessible,950,1,7,10.2,7.250694750308682,14.522819309684824,10.349569581107456,2.9493052496913172,28.91475734991488,better
42,느루소공원지하,15,accessible,1427,1,7,1.8092629164808562,1.7512537854494703,4.163057485005485,4.0181575914647985,0.05800913103138594,3.206230034505863,better
42,느루소공원지하,30,accessible,1340,1,7,3.3480325644504747,2.968801478638883,7.264348124206893,6.244241284607519,0.3792310858115915,11.326983191211466,better
42,느루소공원지하,60,accessible,1183,1,7,6.36863136863137,5.311421223755133,12.89158922172143,10.03795902088986,1.0572101448762368,16.6002722356253,better
42,느루소공원지하,120,accessible,950,1,7,11.746411483253587,8.602989528535383,21.19243219295873,14.521270359666948,3.143421954718203,26.760700144036846,better
48,안양역2노상,15,accessible,680,1,7,7.6776960784313735,7.589927173257625,9.915647088795692,9.79512052523072,0.08776890517374891,1.1431672246094031,better
48,안양역2노상,30,accessible,644,1,7,10.46195652173913,9.511775276955579,13.319618010571851,11.99400118466692,0.9501812447835523,9.082251898190837,better
48,안양역2노상,60,accessible,572,1,7,13.527097902097902,10.027826284030665,17.719684761578804,12.614392797555892,3.4992716180672367,25.86860569349867,better
48,안양역2노상,120,accessible,440,1,7,17.14962121212121,11.693146012572052,23.906812192174833,14.571089236482804,5.456475199549159,31.816884653362298,better
52,남부노상,15,accessible,313,1,5,3.8919546906767355,3.9119639182729204,9.370659382055699,9.317895869510304,-0.020009227596184953,-0.5141176911467522,worse
52,남부노상,30,accessible,292,1,5,5.280199252801993,5.15670246989679,11.550273065150565,10.789202989898447,0.12349678290520316,2.3388659592659935,better
52,남부노상,60,accessible,250,1,5,6.509090909090908,5.551745069191902,13.022548785069079,10.869590919901585,0.9573458398990056,14.707827149286402,better
52,남부노상,120,accessible,184,1,5,8.280632411067193,5.290847970452541,13.978578138853964,10.67320437522998,2.9897844406146525,36.105750046563585,better
53,안양역1노상,15,accessible,693,1,7,4.126518642647675,3.8411031045063853,5.700663445165439,5.295730558389177,0.28541553814129017,6.9166181679518735,better
53,안양역1노상,30,accessible,657,1,7,5.958167624097805,4.613605494573957,8.352969609429696,6.253452406561416,1.3445621295238483,22.566705308621525,better
53,안양역1노상,60,accessible,585,1,7,8.172043010752688,4.988156318084731,11.945055365260755,6.893388812705362,3.183886692667957,38.960718739226316,better
53,안양역1노상,120,accessible,453,1,7,11.286762087872962,5.962081463520663,17.463488601357266,8.35021206610775,5.324680624352299,47.17633438976614,better
56,학원가노상,15,accessible,489,1,6,5.7123381049761415,5.711694282834698,10.534456723506961,10.49310784289111,0.0006438221414430956,0.011270728896145839,better
56,학원가노상,30,accessible,456,1,6,6.5204678362573105,6.569400933182688,12.71980236952163,12.478919823094653,-0.04893309692537784,-0.7504537734744045,worse
56,학원가노상,60,accessible,390,1,6,6.888888888888888,7.224835538720958,13.448222962707781,12.3093912477547,-0.3359466498320698,-4.876644916917143,worse
56,학원가노상,120,accessible,284,1,6,6.901408450704226,8.342257600468274,12.333396776895569,11.175905244111064,-1.4408491497640483,-20.877610129234167,worse
81,"비호교1,2노외",15,accessible,1427,1,7,2.4977475222745023,2.465297618375606,4.752301191296475,4.614192319990847,0.03244990389889635,1.2991666935714452,better
81,"비호교1,2노외",30,accessible,1340,1,7,4.171997157071784,3.8330107130099518,7.529232524210427,6.65832052825324,0.3389864440618324,8.125279843185659,better
81,"비호교1,2노외",60,accessible,1183,1,7,7.032161977216922,5.520567437524587,12.147625372717311,9.160818505128631,1.511594539692335,21.495445420478923,better
81,"비호교1,2노외",120,accessible,950,1,7,11.06766917293233,7.303451771300865,18.25513054307002,11.211044404506172,3.7642174016314653,34.01093168593648,better
82,명학동노외,15,accessible,1427,1,7,0.8921754228158436,0.8773017406491712,1.3774970971861007,1.3489663536568393,0.014873682166672397,1.6671252969207284,better
82,명학동노외,30,accessible,1340,1,7,1.4685898863889508,1.2788877650296617,2.0821200926194527,1.8785690619269007,0.1897021213592891,12.917297273899868,better
82,명학동노외,60,accessible,1183,1,7,2.4400398682832667,1.8973550556749847,3.196485360040274,2.6012382095485203,0.5426848126082819,22.240817441646865,better
82,명학동노외,120,accessible,950,1,7,3.923016496465043,2.8181593436604744,4.962841606707072,3.664805268767982,1.1048571528045685,28.16345926151814,better
106,시청앞노상,15,accessible,1427,1,7,0.7502370254338595,0.7502370254338595,2.633432000384502,2.633432000384502,0.0,0.0,tie
106,시청앞노상,30,accessible,1340,1,7,1.1347673397717295,1.1390142991829868,3.583323975187023,3.5714636093946863,-0.004246959411257301,-0.37425816397849637,worse
106,시청앞노상,60,accessible,1183,1,7,1.9690716523295706,1.9347568085068725,5.424474808637943,5.370515920535867,0.034314843822698116,1.7426914750461664,better
106,시청앞노상,120,accessible,950,1,7,3.9102167182662537,3.565773043774851,9.058280712296193,8.145809704140522,0.3444436744914028,8.808812894752423,better
108,석수역좌우측노상,15,accessible,1427,1,7,1.0741227114531868,1.0567877299896113,4.574887643550373,4.5275785068514,0.017334981463575483,1.6138734689002978,better
108,석수역좌우측노상,30,accessible,1340,1,7,2.019942305280321,1.95443948625156,7.384524811260277,7.179578929480112,0.06550281902876098,3.242806433507056,better
108,석수역좌우측노상,60,accessible,1183,1,7,4.05534995063114,3.5674950285053426,11.768840368692983,10.327042889480992,0.48785492212579706,12.02990933124949,better
108,석수역좌우측노상,120,accessible,950,1,7,8.136222910216716,3.3116850183835425,18.558545886876843,8.847928536963538,4.824537891833174,59.29702203432708,better
112,원스퀘어임시,15,accessible,1412,1,7,3.2785646836638342,2.9371170815499332,5.037598640518365,4.510637828512966,0.341447602113901,10.414545237287474,better
112,원스퀘어임시,30,accessible,1325,1,7,5.422893081761007,4.120879208308619,8.047073246881183,6.197573914498548,1.3020138734523883,24.009580381208213,better
112,원스퀘어임시,60,accessible,1168,1,7,9.47488584474886,5.577072661784292,13.49254261584847,8.396493565966297,3.897813182964568,41.1383656418911,better
112,원스퀘어임시,120,accessible,935,1,7,16.792869875222816,7.42765828096458,23.036636712333742,11.660958525085986,9.365211594258238,55.76897614192925,better
121,호현마을1노외,15,accessible,1427,1,7,1.0073580939032936,1.017723940779444,2.0034201769463977,1.9774452419185362,-0.010365846876150497,-1.0290131125055137,worse
121,호현마을1노외,30,accessible,1340,1,7,1.8563432835820894,1.7693299336974062,3.2864098555727908,2.9433577682271226,0.08701334988468323,4.6873523153960015,better
121,호현마을1노외,60,accessible,1183,1,7,3.331043956043956,2.9288495881484127,5.347062314108112,4.467780191328253,0.4021943678955435,12.074123704245594,better
121,호현마을1노외,120,accessible,950,1,7,6.300986842105263,4.56875706953,9.104231276618465,6.386646540313542,1.7322297725752627,27.491404378119547,better
161,관악노상1-2,15,accessible,412,1,5,7.595659623072529,7.58437697562452,12.02594031671645,11.966919476471327,0.011282647448009442,0.14854071940950778,better
161,관악노상1-2,30,accessible,388,1,5,10.430563978168587,10.25480400625522,15.739877083485043,14.845503891653673,0.1757599719133669,1.685047637704314,better
161,관악노상1-2,60,accessible,345,1,5,13.384484228474,11.445260258285236,19.057055268291617,16.13804115808075,1.9392239701887632,14.488596923767,better
161,관악노상1-2,120,accessible,273,1,5,17.733247145011852,14.085757117627326,23.67708453823295,18.206503103091457,3.647490027384526,20.56865275466778,better
162,관악노상1-3,15,accessible,412,1,5,8.596278317152104,8.595389660735428,12.102637743285534,12.077992322884217,0.0008886564166754596,0.010337687821278758,better
162,관악노상1-3,30,accessible,385,1,5,11.320346320346323,11.417172535834347,16.05478535378573,15.993447999161688,-0.09682621548802395,-0.8553290928387582,worse
162,관악노상1-3,60,accessible,342,1,5,12.865497076023392,12.767452883375142,18.12570717403336,17.54275386910824,0.09804419264824915,0.7620707701295729,better
162,관악노상1-3,120,accessible,270,1,5,17.37654320987654,15.696473094144084,24.09365300709582,21.243900902976296,1.6800701157324571,9.668609547021601,better
163,관악노상1-4,15,accessible,415,1,5,4.8460508701472556,4.846089301754209,9.923101624870325,9.923135641415062,-3.843160695371495e-05,-0.0007930500108957201,worse
163,관악노상1-4,30,accessible,388,1,5,7.531500572737686,7.446836286066478,14.124575297639177,13.867337650638056,0.08466428667120773,1.1241356998321574,better
163,관악노상1-4,60,accessible,345,1,5,10.273752012882447,8.799106503239333,19.300710996779706,15.818021941751338,1.4746455096431141,14.353524474739402,better
163,관악노상1-4,120,accessible,273,1,5,14.61131461131461,10.659535120060907,25.686433812717254,17.964423370163324,3.9517794912537028,27.046022869109606,better
164,관악노상1-5,15,accessible,413,1,5,4.524021919204792,4.541732154823005,6.3172760664960625,6.251630937156564,-0.017710235618213055,-0.3914710391439939,worse
164,관악노상1-5,30,accessible,388,1,5,6.375474769397721,5.764565544479949,8.633378582426122,7.649517968932206,0.6109092249177719,9.582176183178328,better
164,관악노상1-5,60,accessible,345,1,5,8.482074752097635,6.969991400897192,11.840198168329012,9.024096945974035,1.5120833512004426,17.826810012803783,better
164,관악노상1-5,120,accessible,273,1,5,9.543088490456912,7.870364277923875,14.517215501934293,10.16408191796222,1.6727242125330362,17.528122202846177,better
165,관악노상2-1,15,accessible,415,1,5,8.963855421686747,8.963873798350567,16.947829231575664,16.947840810865763,-1.8376663820873773e-05,-0.00020500848079738215,worse
165,관악노상2-1,30,accessible,388,1,5,13.195876288659793,13.13885093135644,22.83964720690936,22.57229314461,0.057025357303352564,0.43214528581446865,better
165,관악노상2-1,60,accessible,345,1,5,21.10144927536232,19.999391463508573,32.159025149259804,29.750843878620774,1.1020578118537472,5.222664080900312,better
165,관악노상2-1,120,accessible,273,1,5,23.076923076923077,20.69919922943862,35.22819383711917,30.814182055995985,2.3777238474844573,10.303470005765982,better
166,관악노상2-2,15,accessible,415,1,5,4.586345381526105,4.55219144246188,6.107032836569196,6.030246342191881,0.03415393906422448,0.7446874629590101,better
166,관악노상2-2,30,accessible,388,1,5,6.537800687285223,5.572918246736784,8.27124637581259,7.266067531607275,0.9648824405484389,14.758517224683086,better
166,관악노상2-2,60,accessible,345,1,5,8.29951690821256,6.036865661978218,10.79601524867381,8.022558645589278,2.262651246234342,27.262445167084334,better
166,관악노상2-2,120,accessible,273,1,5,11.48962148962149,6.885663456021756,14.476343100538532,9.080700839364537,4.603958033599734,40.07058054748334,better
167,관악노상2-3,15,accessible,415,1,5,10.18619934282585,10.188321834363862,14.259232079329644,14.232807927424215,-0.002122491538012028,-0.02083693305596754,worse
167,관악노상2-3,30,accessible,388,1,5,12.160262417994376,11.995839931304147,17.076276413610866,16.554527460624282,0.16442248669022952,1.352129428119267,better
167,관악노상2-3,60,accessible,345,1,5,16.179183135704875,13.901998978988237,21.210238952814773,17.862516227896297,2.277184156716638,14.074778297621565,better
167,관악노상2-3,120,accessible,273,1,5,18.181818181818183,12.792042241946424,24.271544282042182,16.53349613096946,5.389775939871759,29.643767669294675,better
168,관악노상2-4,15,accessible,414,1,5,7.729468599033816,7.734585865499123,12.452570002693209,12.43782826027436,-0.005117266465306969,-0.06620463489490891,worse
168,관악노상2-4,30,accessible,387,1,5,11.139821992535172,11.054660803302609,16.773986942757087,16.385941056875204,0.08516118923256322,0.7644753146830352,better
168,관악노상2-4,60,accessible,344,1,5,16.505167958656333,14.585883306509116,22.80407506989226,18.93864192832242,1.9192846521472173,11.628386072500556,better
168,관악노상2-4,120,accessible,272,1,5,21.73202614379085,15.299717857086645,30.54812743935109,19.45365148392465,6.432308286704206,29.5982907628795,better
169,관악노상2-5,15,accessible,413,1,5,10.301562843935724,10.291606983437637,13.729595440766717,13.693702600116026,0.009955860498086722,0.09664417573249569,better
169,관악노상2-5,30,accessible,386,1,5,12.882713141780497,12.684329110525216,16.96972500726661,16.578840978793004,0.1983840312552818,1.539924308427654,better
169,관악노상2-5,60,accessible,343,1,5,15.29287039491121,13.62597659772183,19.640652906883695,17.17956559428083,1.6668937971893794,10.899809873129167,better
169,관악노상2-5,120,accessible,271,1,5,17.71217712177122,14.363478854507738,22.74236332280062,17.448022991866907,3.3486982672634813,18.906192300591737,better
170,관악노상2-6,15,accessible,415,1,5,7.075575027382255,7.080820919340516,10.185963793811657,10.183032539934306,-0.005245891958260529,-0.07414085693331059,worse
170,관악노상2-6,30,accessible,388,1,5,9.86410496719775,9.487423616438724,13.143223077189923,12.411130314550041,0.37668135075902676,3.8187078504501812,better
170,관악노상2-6,60,accessible,345,1,5,12.147562582345188,9.962256275137786,16.762808104168883,13.284750914217328,2.1853063072074015,17.989669058247486,better
170,관악노상2-6,120,accessible,273,1,5,16.25041625041625,12.574720681120942,21.661665262740414,16.305046124046743,3.675695569295309,22.619085644659453,better
171,관악노상2-7,15,accessible,415,1,5,6.6345381526104426,6.6366181168891965,9.801237525338955,9.796768686537078,-0.0020799642787538986,-0.03135055117492256,worse
171,관악노상2-7,30,accessible,388,1,5,8.814432989690722,8.897823085613714,12.01850425154663,11.960571728233942,-0.08339009592299185,-0.9460630765532407,worse
171,관악노상2-7,60,accessible,345,1,5,10.685990338164252,10.725753573677586,14.189878681822158,13.667579436885017,-0.03976323551333394,-0.3721062274529893,worse
171,관악노상2-7,120,accessible,273,1,5,13.13797313797314,13.542574434227033,17.466754280275,17.176842793957608,-0.40460129625389385,-3.0796325430477607,worse
172,인덕원동복개노상123,15,accessible,364,1,5,3.3737844888924022,3.212465701314094,8.930609489434568,8.595592163308812,0.16131878757830842,4.781538006041062,better
172,인덕원동복개노상123,30,accessible,340,1,5,4.335590351248412,3.8203663946326474,10.296673654783751,9.408611721143648,0.515223956615765,11.88359404083019,better
172,인덕원동복개노상123,60,accessible,297,1,5,5.564033621587578,4.8201695099937725,12.58984154637885,10.737944140979515,0.7438641115938056,13.369151989084491,better
172,인덕원동복개노상123,120,accessible,231,1,5,7.047868198947336,6.480907511959205,14.400085644269653,11.334268585169983,0.5669606869881312,8.044428059435221,better
181,덕현공원지하,15,accessible,1427,1,7,1.7480028030833918,1.6813160535811047,2.6181619983252413,2.482887717257924,0.06668674950228715,3.81502531830355,better
181,덕현공원지하,30,accessible,1340,1,7,2.7707462686567164,2.3788538690389136,4.061908969636314,3.448726287707796,0.39189239961780276,14.143929527253169,better
181,덕현공원지하,60,accessible,1183,1,7,4.352324598478445,3.1795610460831822,6.2172557296700415,4.511062032228095,1.1727635523952626,26.945682148920053,better
181,덕현공원지하,120,accessible,950,1,7,7.149473684210526,4.05629450097427,9.717318235203091,5.5393746705191385,3.0931791832362556,43.26443203878744,better
182,호계시장1노외,15,accessible,1427,1,7,2.1073180498548405,2.1073180498548405,5.338129907400608,5.338129907400608,0.0,0.0,tie
182,호계시장1노외,30,accessible,1340,1,7,3.3688699360341148,3.367635489573322,7.632473068517094,7.615781576469763,0.0012344464607929595,0.0366427462096138,better
182,호계시장1노외,60,accessible,1183,1,7,5.168457915710663,5.027003153265755,10.798984943120779,10.489671539850303,0.14145476244490762,2.736885251883832,better
182,호계시장1노외,120,accessible,950,1,7,8.022556390977444,7.326305140923177,15.321474577984453,13.938661682992343,0.6962512500542672,8.678670689523669,better
183,호계시장2노외,15,accessible,1427,1,7,3.1885073580939034,3.1918716345447775,6.345020505383345,6.3416688855487555,-0.003364276450874115,-0.10551258231642555,worse
183,호계시장2노외,30,accessible,1340,1,7,5.235074626865671,5.206037805624586,9.540760944651378,9.413364321818575,0.02903682124108542,0.5546591655460366,better
183,호계시장2노외,60,accessible,1183,1,7,8.78275570583263,8.327442488095835,14.49341821647444,13.116906364131514,0.45531321773679423,5.184172633134048,better
183,호계시장2노외,120,accessible,950,1,7,13.347368421052632,11.215777945894128,19.597260818260988,15.238041003361694,2.1315904751585038,15.970117913253773,better
201,비산소공원지하,15,accessible,1427,1,7,2.4069955211602325,2.3491615642534636,8.358140216264037,8.293151753122201,0.05783395690676896,2.4027446830848915,better
201,비산소공원지하,30,accessible,1340,1,7,4.566839714471122,4.06280446508366,12.599377836580514,11.93479772558011,0.5040352493874618,11.036850007901652,better
201,비산소공원지하,60,accessible,1183,1,7,8.219706714689991,6.54849727943712,17.791101852005795,15.160825186835313,1.6712094352528712,20.331740453295495,better
201,비산소공원지하,120,accessible,950,1,7,14.897025171624716,12.496474036379958,27.700302085865314,22.226433006100667,2.4005511352447577,16.11429871124361,better
241,먹거리촌노상1,15,accessible,533,1,6,8.380237648530333,8.382600905451687,11.261233090466147,11.208046940068488,-0.0023632569213543064,-0.028200356845115935,worse
241,먹거리촌노상1,30,accessible,500,1,6,10.0,9.627307528786558,13.305526559931291,12.558338455595736,0.3726924712134423,3.726924712134423,better
241,먹거리촌노상1,60,accessible,434,1,6,12.480798771121352,10.542806175650663,17.02340520408773,13.879672059266184,1.9379925954706891,15.527792980325152,better
241,먹거리촌노상1,120,accessible,314,1,6,13.906581740976646,10.751033330200304,21.254587504208367,15.936025166119354,3.1555484107763423,22.691042770620722,better
261,먹거리촌노상2,15,accessible,533,1,6,6.144465290806754,6.147078891281194,9.891795241083164,9.86375670591179,-0.0026136004744401475,-0.042535848942796904,worse
261,먹거리촌노상2,30,accessible,500,1,6,8.283333333333331,7.940834437313459,12.76388133236386,11.794622860112739,0.3424988960198725,4.134795525390816,better
261,먹거리촌노상2,60,accessible,434,1,6,10.349462365591396,8.348284777834158,16.341881521228387,12.33479710433135,2.0011775877572386,19.3360535752128,better
261,먹거리촌노상2,120,accessible,314,1,6,14.225053078556261,10.07462380580007,22.007767399314623,13.845351619226616,4.150429272756192,29.176898320420396,better
262,먹거리촌노상3,15,accessible,533,1,6,6.591075944204257,6.5796285837683355,9.047455625145487,8.983815312870744,0.011447360435921539,0.17367969255440863,better
262,먹거리촌노상3,30,accessible,500,1,6,9.582608695652175,9.341601339783676,12.678964613378207,12.097190477363801,0.24100735586849886,2.515049539462556,better
262,먹거리촌노상3,60,accessible,434,1,6,11.460629132438386,10.36249740496794,15.491843414312475,13.091856886658004,1.098131727470447,9.58177526539336,better
262,먹거리촌노상3,120,accessible,314,1,6,13.19579063971199,11.046223372131646,17.38957343920296,14.036859866445582,2.1495672675803448,16.289795179921565,better
401,호원어린이공원노외,15,accessible,1427,1,7,3.006532992743631,3.0235196320136506,4.5315068919218735,4.523728600934957,-0.016986639270019754,-0.5649909484119278,worse
401,호원어린이공원노외,30,accessible,1340,1,7,4.492055849783341,4.411687566642344,6.60388431098833,6.3554148970615465,0.08036828314099687,1.7891203010059002,better
401,호원어린이공원노외,60,accessible,1183,1,7,6.838818749488723,6.2415658537614505,9.493429063522852,8.361509970327385,0.5972528957272729,8.73327569577603,better
401,호원어린이공원노외,120,accessible,950,1,7,9.735144312393887,7.920496087019247,12.925701986296346,10.035250137802505,1.8146482253746399,18.64017796905586,better
421,박달고가밑노상(노외),15,accessible,1427,1,7,2.183652017218941,2.1543278182236563,3.282226534901997,3.210841779609339,0.0293241989952846,1.342897071696953,better
421,박달고가밑노상(노외),30,accessible,1340,1,7,3.502132196162047,3.1447959043295466,5.020992331834894,4.5718129897267135,0.3573362918325005,10.20339244258403,better
421,박달고가밑노상(노외),60,accessible,1183,1,7,5.9171597633136095,4.657958205885001,8.08991468962054,6.538347711754817,1.2592015574286082,21.280506320543477,better
421,박달고가밑노상(노외),120,accessible,950,1,7,9.648496240601503,6.103627163850824,12.517039943078686,8.121787537127178,3.544869076750679,36.7401197902077,better
441,율목복지관옆공영,15,accessible,1427,1,7,2.216438081890079,2.217379347387055,3.4370036796202434,3.434305713786216,-0.0009412654969760403,-0.04246748441415388,worse
441,율목복지관옆공영,30,accessible,1340,1,7,3.2132196162046904,3.171520400102537,4.804429877874833,4.605190539816921,0.041699216102153436,1.2977393730530833,better
441,율목복지관옆공영,60,accessible,1183,1,7,5.004226542688081,4.713303888236838,7.183437437801594,6.381602049681253,0.29092265445124355,5.813538854996978,better
441,율목복지관옆공영,120,accessible,950,1,7,7.975939849624059,6.869278998247183,11.286332903955314,8.99004091455285,1.1066608513768763,13.8749899352493,better
461,안양6동3노외,15,accessible,1427,1,7,2.4772249474421866,2.478167678554707,4.579363233506032,4.579385350589556,-0.0009427311125205229,-0.0380559348675187,worse
461,안양6동3노외,30,accessible,1340,1,7,4.115671641791045,4.072415385814618,6.448706916547098,6.250746320024839,0.04325625597642713,1.0510132911770145,better
461,안양6동3노외,60,accessible,1183,1,7,6.694843617920541,5.85769041289538,9.182566451010247,7.956340923906855,0.8371532050251611,12.50444749425209,better
461,안양6동3노외,120,accessible,950,1,7,10.16842105263158,7.350136853481588,13.38498766293201,9.584455684775792,2.818284199149992,27.716045436775282,better
521,안양6동4노외,15,accessible,1427,1,7,0.94640947147125,0.947143714676181,1.4035395071567975,1.401779469750949,-0.0007342432049309844,-0.07758197979459773,worse
521,안양6동4노외,30,accessible,1340,1,7,1.4509033778476041,1.4345551819250784,2.00487271797718,1.9283961939637733,0.016348195922525788,1.1267597947685613,better
521,안양6동4노외,60,accessible,1183,1,7,2.261867686968902,2.0041811802697422,2.9529688305765944,2.537654893340545,0.2576865066991596,11.39264282273212,better
521,안양6동4노외,120,accessible,950,1,7,3.1379501385041557,2.5300613741330475,3.9967912483441097,3.2167624270027475,0.6078887643711082,19.372161364580684,better
522,안양6동5노외(일반),15,accessible,1427,1,7,0.7307460171506578,0.7381925824099094,1.071780083014081,1.072669597964608,-0.007446565259251581,-1.0190360377587009,worse
522,안양6동5노외(일반),30,accessible,1340,1,7,1.1267362608920717,1.0873462377028227,1.5913395032335975,1.5170423766188164,0.039390023189249,3.4959399600810497,better
522,안양6동5노외(일반),60,accessible,1183,1,7,1.7590235464846404,1.5436539783177168,2.3995374614043232,2.0920010260036945,0.21536956816692365,12.243700125409564,better
522,안양6동5노외(일반),120,accessible,950,1,7,2.8999087313659877,1.9583586946612395,3.8972977291326063,2.655480294682505,0.9415500367047482,32.46826448435278,better
