prk_center_id,name,cells,la,lo
01376-29391-00059-00-1,베아누체6차,41,37.3795519731,126.9362066954
01434-29391-00002-00-1,,1625,37.3965118096,126.9489448234
01803-29391-00056-00-1,,159,37.3974821789,126.8996410977
02781-29391-00273-00-1,휴누림,65,,
03449-29391-00050-00-1,미목연,47,,
03457-29391-00115-00-1,,11,37.4082323899,126.9491763281
03747-29391-00131-00-1,한일코지세상,60,,
04149-29392-00029-00-1,메르시,46,,
04637-29391-00010-00-1,비산그랜드지오,10,,
04779-29391-00092-00-1,이룸렉스힐,26,,
05008-29391-00080-00-1,,12,37.3918241333,126.9753457964
05023-29391-00140-00-1,미성,6,,
05511-29391-00011-00-1,망해암,4,37.4116405479,126.9261941275
05573-29391-00096-00-1,세방 R&D 센터,47,37.4005090305,126.9711280329
06971-29391-00086-00-1,청명 메가탑,12,,
07374-29391-00155-00-1,미담채,12,,
07429-29391-00051-00-1,링크 오,21,,
07595-29391-00047-00-1,JL HOUSE,8,,
07685-29391-00058-00-1,서연그룹 R&D 센터,262,37.4012101417,126.9648979389
07936-29391-00049-00-1,부광모터스,22,37.4041520329,126.8900679895
07937-29391-00050-00-1,parkⅢ,6,,
08795-29391-00195-00-1,가야에이스 10차,8,,
10003-29391-00139-00-1,,29,37.4068020246,126.9179219448
10010-29391-00324-00-1,동영벤처스텔,105,37.3878034527,126.9394518256
10015-29391-00161-00-1,아트리움,7,,
10017-29391-00145-00-1,현대원룸,6,,
10910-29391-00273-00-1,에스엘 평촌 R&D 센터,105,37.3984390283,126.9663719276
10910-29391-00286-00-1,라움,11,,
10911-29391-00157-00-1,비산 이-편한세상,623,37.3999111287,126.942541133
10938-29391-00073-00-1,석수두산위브,986,37.43260887,126.901275482
10948-29391-00249-00-1,이룸오션하임,8,,
10955-29391-00449-00-1,,61,,
11112-29391-00061-00-1,,27,37.4067850376,126.8883834568
11140-29391-00191-00-1,만안종합사회복지관,31,37.402794938,126.9137745184
11160-29391-00304-00-1,일번가 이지움,63,37.3980847881,126.9249109143
11161-29391-00272-00-1,까사리움,8,,
11190-29391-00265-00-1,골드클래스,8,,
11344-29391-00007-00-1,유앤미,16,37.4033470503,126.9147226167
11427-29391-00101-00-1,,14,,
11476-29391-00080-00-1,렉서스안양서비스센터,48,,
11521-29391-00209-00-1,힐데스하임,36,,
11601-29391-00016-00-1,갤럭시 뷰,35,37.3887516278,126.9333080907
11601-29391-00026-00-1,신호안차랑4차,8,37.3882608448,126.9322064111
11606-29391-00077-00-1,,15,37.3910175066,126.9536372245
11615-29392-00005-00-1,안양 숙박시설 신축공사,19,37.389288507,126.933077252
11619-29391-00007-00-1,,15,37.3871441167,126.9331559436
11619-29391-00015-00-1,,12,37.3866397476,126.9335177325
11619-29392-00020-00-1,,29,37.3857454447,126.9326558303
11621-29391-00001-00-1,,90,37.3872336064,126.9320808657
11621-29391-00005-00-1,,22,37.3831343749,126.9609001821
11621-29391-00008-00-1,귀인동,2,37.3815704547,126.9616868583
11657-29391-00007-00-1,대우공업,9,37.3878161294,126.9432098225
11657-29391-00010-00-1,일신목형,5,37.3878946719,126.9416740376
11660-29391-00003-00-1,안양소방서귀인파출소,2,37.3818983702,126.9615105487
11675-29391-00012-00-1,C동,161,37.3905908549,126.9423314311
11675-29391-00013-00-1,,12,37.3902879523,126.9420064403
11675-29391-00029-00-1,부광모터스,4,37.3900185972,126.9439805626
11675-29391-00031-00-1,,30,37.3900584064,126.9443283397
11675-29391-00033-00-1,,12,37.3891571596,126.94385473
11675-29391-00035-00-1,,20,37.3891029002,126.9434392145
11675-29391-00036-00-1,,12,37.3888505879,126.9433852012
11675-29391-00038-00-1,,17,37.3888363612,126.9437826988
11676-29391-00003-00-1,실내게이트볼장,343,37.3786146556,126.9507634713
11676-29391-00005-00-1,박은섭씨건물,4,37.3791701549,126.9519012201
11676-29391-00008-00-1,안양시새마을회관,11,37.3781183338,126.9533380606
11676-29391-00009-00-1,호계동 새마을회관 주차장,25,37.3780352803,126.9529361659
11676-29391-00013-00-1,LSIS R&D Campus,180,37.3732768681,126.9504869706
11676-29391-00032-00-1,,21,37.3845210292,126.9412475703
11677-29391-00009-00-1,세한,24,37.3920990544,126.9319499976
11677-29391-00021-00-1,동보전자,51,37.3882963924,126.9451562288
11677-29391-00027-00-1,,91,37.3893208552,126.947133896
11678-29391-00009-00-1,호계동 여관,6,37.3678829612,126.9540443244
11680-29391-00002-00-1,안양아트센터,141,37.3849373277,126.931265421
11681-29391-00001-00-1,아임Vill,11,37.3846838857,126.9293054274
11681-29391-00002-00-1,,90,37.3853198572,126.9321232421
11681-29391-00006-00-1,명품하이츠,14,37.3841586438,126.930922869
11683-29391-00003-00-1,이룸렉스힐,26,37.3683584591,126.953420872
11683-29391-00013-00-1,호계아크로리버,403,37.3666761625,126.9555532602
11685-29391-00004-00-1,안양동 505-2 업무시설 (상공회의소박찬호),43,37.3862888674,126.9312732207
11685-29391-00005-00-1,,18,37.3857556269,126.9315582603
11685-29391-00007-00-1,수경,4,37.389752119,126.9307912625
11687-29392-00017-00-1,,1011,37.3874657882,126.9285439907
11708-29391-00004-00-1,DY town,79,37.3681934412,126.955421411
11720-29391-00005-00-1,벨라,8,37.4020778905,126.9091808487
11725-29391-00004-00-1,,28,37.4020964959,126.9053317531
11730-29391-00042-00-1,재단법인한국에스지아이안양교육원,26,37.3992680847,126.9328244328
11740-29391-00020-00-1,대한불교조계종 비웅사,13,37.3992484042,126.9434270731
11740-29391-00021-00-1,반야선원,3,37.3995152788,126.9437882755
11749-29391-00013-00-1,,17,37.3943828294,126.9743692367
11749-29391-00015-00-1,두산벤처다임,700,37.3912902087,126.9729700059
11753-29391-00008-00-1,1,6,37.3912735482,126.9256810887
11754-29391-00006-00-1,,23,37.3888172654,126.9707169627
11754-29391-00007-00-1,,13,37.3888678754,126.9713402751
11754-29391-00008-00-1,평촌 꿈 주유소,2,37.3885251608,126.9700259939
11754-29391-00013-00-1,,12,37.3857694628,126.9624254628
11755-29391-00003-00-1,씨티프라임,35,37.3930497035,126.9305217191
11755-29391-00008-00-1,,17,37.3923754942,126.9301067674
11755-29391-00010-00-1,효은가,4,37.3877033651,126.9280604646
11757-29391-00005-00-1,,35,37.3845525406,126.9266813833
11759-29391-00010-00-1,안양등기소,11,37.392708179,126.9260049057
11759-29391-00013-00-1,'93-189호,1,37.3906098277,126.9766922612
11759-29392-00005-00-1,전화국,87,37.3933637139,126.9253537891
11759-29392-00012-00-1,안양동 456-2 의료시설 (의료법인효산의료재단),98,37.3924488089,126.9262039136
11760-29391-00004-00-1,,54,37.4006444654,126.9654583858
11760-29391-00006-00-1,디라직 본사,58,37.3994555156,126.9668503321
11760-29391-00007-00-1,,40,37.3991816456,126.9669950133
11762-29391-00006-00-1,개성하이뷰,28,37.391316436,126.9310337449
11764-29391-00015-00-1,안양세차장,1,37.3920751113,126.9280337016
11765-29391-00007-00-1,,19,37.3930303454,126.9282812315
11765-29391-00010-00-1,,12,37.3919919719,126.9276317605
11766-29391-00007-00-1,해뜨는집,4,37.3813873719,126.9313996382
11766-29391-00012-00-1,가동,1,37.3929915092,126.929627378
11777-29391-00005-00-1,,15,37.4055916116,126.9515906718
11800-29391-00005-00-1,평촌스포츠센타,119,37.3895464768,126.9522288453
11800-29391-00006-00-1,범계지구대,6,37.3898927089,126.9528248643
11800-29391-00009-00-1,G. square 주차동,1411,37.3885724937,126.9501020123
11800-29391-00012-00-1,신촌(7번)동사무소,20,37.3818533299,126.9563527537
11803-29391-00009-00-1,해동상운,38,37.3892235821,126.9396810464
11803-29391-00011-00-1,코리아테크 본사,14,37.3890181282,126.9396405589
11803-29391-00012-00-1,,31,37.3884665799,126.9394016067
11803-29391-00021-00-1,한국의류시험연구원안양,32,37.3861298634,126.9369825178
11808-29391-00061-00-1,허가번호 : 63호,3,37.4015295771,126.9736575304
11808-29391-00097-00-1,.,5,37.3998469814,126.9760659777
11808-29391-00109-00-1,,16,37.3887550135,126.9396091516
11808-29392-00103-00-1,,16,37.398279282,126.9764549782
11809-29391-00002-00-1,관악수목원 생태학습원,47,37.4162028212,126.9313678969
11809-29391-00022-00-1,베르사체2차,8,37.4155551248,126.9162044011
11809-29392-00003-00-1,,56,37.4160852205,126.916624034
11810-29391-00016-00-1,,19,37.3986467758,126.9758450026
11810-29391-00018-00-1,세원테크,8,37.3889258171,126.9354579817
11810-29391-00024-00-1,,14,37.3877075926,126.9353822399
11810-29391-00026-00-1,유천팩토피아,240,37.3900397803,126.9360080969
11810-29391-00029-00-1,현호실업,14,37.3893079958,126.9357241526
11810-29391-00033-00-1,거성냉동테크,15,37.3884367551,126.9374955105
11810-29391-00037-00-1,,14,37.3895139237,126.9366409151
11810-29391-00038-00-1,,15,37.3893194478,126.9369120943
11810-29391-00039-00-1,,13,37.3890708089,126.936993607
11810-29391-00040-00-1,,11,37.3887932916,126.9369893224
11810-29391-00041-00-1,,22,37.3886993776,126.9366009486
11810-29391-00042-00-1,,32,37.3885801776,126.9361087089
11810-29391-00043-00-1,AL시스템,29,37.3889801975,126.9360451327
11810-29391-00052-00-1,,30,37.39724159,126.9779324931
11810-29391-00055-00-1,허가번호93-2(93.1.9),84,37.3976380989,126.978253114
11810-29391-00060-00-1,,15,37.3851348196,126.9363961829
11810-29391-00061-00-1,,31,37.3847023722,126.9364778478
11810-29391-00064-00-1,,12,37.3853876196,126.9373580242
11810-29391-00072-00-1,인탑스C.N.D,19,37.3853206012,126.9401764919
11810-29391-00075-00-1,,31,37.3842744441,126.9382893746
11810-29391-00078-00-1,명지 이-스페이스,72,37.3840934764,126.9368442071
11810-29391-00082-00-1,,34,37.3826599184,126.9384984579
11810-29391-00084-00-1,,12,37.3826268411,126.9372790234
11810-29391-00086-00-1,평촌그라테아II,220,37.3952948965,126.9618650823
11810-29391-00092-00-1,,12,37.4128718503,126.9187286233
11810-29391-00094-00-1,좋은집,2,37.4119028151,126.9194028941
11810-29391-00095-00-1,한국도로공사도로관리사무소,5,37.3722266744,126.9020049565
11810-29391-00100-00-1,안양민자역사,796,37.4050374995,126.920074375
11810-29391-00109-00-1,에이원골프장,101,37.3911783927,126.9354921868
11810-29392-00101-00-1,청해수산,114,37.4028396936,126.9210932001
11813-29391-00013-00-1,평촌주공공이,466,37.3929848004,126.9622547272
11813-29391-00025-00-1,건우하이츠,2,37.3782947973,126.9374316678
11813-29391-00032-00-1,,11,37.3778261019,126.9371249531
11813-29391-00045-00-1,동행재,4,37.4100243421,126.9734060569
11813-29391-00062-00-1,그라하시티,10,37.3798619278,126.9362109492
11813-29391-00066-00-1,,30,37.3793077153,126.9377469691
11813-29391-00067-00-1,에코하임,8,37.379573978,126.9369157423
11813-29391-00080-00-1,한솔APT 103동,20,37.3921513109,126.9288828427
11813-29391-00084-00-1,한솔APT 104동,20,37.3919928098,126.9290139879
11815-29392-00003-00-1,안양동 431-1,18,37.392019391,126.9313041261
11816-29392-00006-00-1,,113,37.39313031,126.9267317525
11816-29392-00007-00-1,,21,37.3928347693,126.9267230059
12000-29391-00213-00-1,수자인,18,,
12017-29391-00199-00-1,수자인프리미엄APT,40,,
12034-29391-00401-00-1,수원지방검찰청 안양지청,181,37.3960769484,126.9617562701
12406-29391-00161-00-1,호계운수,6,37.3776032424,126.9455930571
12420-29391-00028-00-1,극동메모리스,39,37.3858207754,126.9057587241
12443-29391-00105-00-1,미르젠,24,,
12456-29391-00114-00-1,대광로제비앙,300,37.3995199551,126.9320968845
12502-29391-00500-00-1,관양119안전센터,6,,
12506-29392-00318-00-1,비산동 원평노블레스,189,,
12509-29391-00176-00-1,어반휴플러스,28,37.3792816305,126.9512869289
12511-29391-00211-00-1,,12,37.3826300359,126.9301203299
12512-29391-00158-00-1,동편마을2단지,845,37.4114983664,126.9732112508
12569-29391-00268-00-1,대교식당,12,,
12580-29391-00590-00-1,금이윤채,2,,
12617-29391-00076-00-1,노블리앙 비씨 2차,10,37.3973357231,126.9258377299
12653-29391-00337-00-1,베아누체 11차,12,,
12662-29391-00242-00-1,루하채,5,,
12729-29391-00432-00-1,로체그랑,8,37.4107466475,126.9104174108
12730-29391-00397-00-1,라메종1단지,18,,
12732-29391-00205-00-1,관음사,2,37.3814807711,126.9005341013
12765-29391-00725-00-1,골든클래스,4,,
12776-29391-00062-00-1,안양금융센터 A.F.C,273,,
12790-29391-00470-00-1,,25,37.3912319752,126.9705895463
12791-29392-00380-00-1,블루오션,92,37.3985614293,126.932377833
12991-29391-00253-00-1,프라임,3,,
13455-29391-00052-00-1,비산 삼성 래미안,4790,37.4007350004,126.939604057
13582-29391-00057-00-1,퍼스트힐3차,30,,
13829-29391-00009-00-1,연리지Ⅱ,5,37.3786513414,126.9369390965
13901-29391-00003-00-1,관양파출소(협의93-11호),2,37.4012528056,126.9772356
13902-29391-00009-00-1,,11,37.4148104491,126.9181572034
13902-29391-00011-00-1,안양2동다목적복지회관,4,37.4144359841,126.9186772306
13902-29391-00012-00-1,,48,37.4125041104,126.918548288
13904-29391-00002-00-1,관양동크리닉,4,37.4050856004,126.9572021946
13905-29391-00002-00-1,원불교동안교당,11,37.4034311293,126.9679689885
13905-29391-00019-00-1,,11,37.4027369893,126.9738558879
13905-29391-00020-00-1,,61,37.4026074598,126.9748588676
13905-29391-00029-00-1,관양동 1488-41번지 용도변경,2,37.4021533817,126.9750306917
13905-29391-00034-00-1,허가번호 : 40호,2,37.4015947715,126.975139301
13905-29392-00022-00-1,,28,37.4022292502,126.9759116182
13907-29391-00007-00-1,,11,37.4004450494,126.9750493289
13907-29391-00012-00-1,,12,37.4009962217,126.9738790808
13908-29391-00001-00-1,,530,37.392951549,126.9723415264
13908-29391-00005-00-1,LG베스트샵 평촌점,48,37.3922635211,126.9738956625
13908-29391-00008-00-1,,12,37.3920895217,126.9696903099
13908-29391-00012-00-1,본골프다임,10,37.3925652696,126.9697217382
13908-29392-00006-00-1,신화금형,20,37.3929693076,126.9712438536
13909-29391-00001-00-1,,17,37.4005389785,126.976129004
13910-29391-00004-00-1,오토브랜드,4,37.3965231316,126.9720465857
13910-29391-00007-00-1,안양자동차정비소,26,37.3969883796,126.9734377679
13910-29391-00008-00-1,디지털 엠파이어(A동),156,37.39678651,126.9732571442
13910-29391-00009-00-1,디지털 엠파이어(B동),221,37.3967935251,126.97241691
13910-29391-00010-00-1,,12,37.396044129,126.9735284477
13910-29391-00017-00-1,,22,37.3936719181,126.9704846977
13910-29391-00021-00-1,,33,37.393860021,126.9733936999
13910-29391-00024-00-1,,31,37.3942205417,126.9738949839
13910-29391-00026-00-1,갑지카독크,53,37.3937556271,126.9739538686
13910-29391-00029-00-1,둘리상사,5,37.3910266135,126.9708787164
13910-29391-00040-00-1,세화연립,5,37.4070704314,126.9544767168
13910-29391-00054-00-1,,12,37.4049764169,126.9543650371
13910-29391-00058-00-1,은빛가온누리,20,37.4044065932,126.9533940489
13910-29391-00063-00-1,.,5,37.3887219146,126.9383263814
13910-29391-11014-00-1,삼성산터널 시점부 전기실,4,,
13910-29392-00020-00-1,,42,37.3941483461,126.9733845635
13910-29392-00052-00-1,,13,37.405636023,126.9545182458
13911-29391-00005-00-1,Festa-via,260,37.3906076964,126.9475395227
13911-29391-00006-00-1,안양동안경찰서,171,37.3911884642,126.9486999967
13911-29391-00007-00-1,안양무역센터,195,37.3904858676,126.949165726
13911-29391-00008-00-1,안양 벤처텔,130,37.3908104039,126.9495584872
13911-29391-00012-00-1,,6062,37.3935248552,126.950916339
13911-29391-00015-00-1,,74,37.393230085,126.9527956699
13911-29391-00018-00-1,,93,37.3915931683,126.951170554
13911-29391-00020-00-1,신용보증기금안양지점,45,37.3919540071,126.9522228005
13911-29391-00021-00-1,,54,37.3920911043,126.9525750466
13911-29391-00023-00-1,삼성안양본점(SAMSUNG),50,37.3923653473,126.953410539
13911-29391-00024-00-1,신안메트로칸,605,37.3926179178,126.9541376396
13911-29391-00032-00-1,이해문 식당,2,37.4063191838,126.9726890131
13911-29391-00045-00-1,,16,37.396834433,126.978501802
13911-29391-00047-00-1,,12,37.4069114122,126.9636121723
13911-29391-00059-00-1,르노삼성 평촌정비센타,11,37.4006791211,126.9610040087
13911-29391-00062-00-1,평촌스마트베이,332,37.3994559096,126.9682869078
13911-29391-00063-00-1,안양메가밸리,486,37.4014992655,126.9676942337
13911-29391-00064-00-1,,1255,37.4008761451,126.9691401395
13911-29391-00066-00-1,,16,37.3997413978,126.9712819242
13911-29391-00071-00-1,관양동 853-1 자동차관련시설 (문현숙),1,37.3975649559,126.9730942404
13911-29391-00083-00-1,,13,37.3983823835,126.9701756626
13911-29391-00084-00-1,케이디아이,4,37.3985768301,126.9694934458
13911-29391-00095-00-1,유로테크,19,37.3862706102,126.9373347059
13911-29391-00098-00-1,한국의류시험연구원 안양 제2별관,41,37.3872429598,126.9359246548
13911-29391-00099-00-1,,45,37.3866122805,126.9359929429
13911-29391-00100-00-1,,46,37.3858735856,126.9362600573
13911-29391-00104-00-1,동영 벤처스텔,25,37.3852137605,126.9357502311
13911-29392-00009-00-1,금강벤처텔,263,37.3911529919,126.9500280294
13912-29391-00002-00-1,허가번호262,4,37.403070136,126.9550935511
13912-29391-00003-00-1,효재주유소,3,37.4033879249,126.9567830075
13912-29391-00019-00-1,허가번호94-206,5,37.4049874682,126.9549884959
13912-29391-00023-00-1,관양동 복합건축,8,37.4051641574,126.9552233198
13912-29391-00027-00-1,김은숙씨 건물,6,37.406119232,126.9552046797
13912-29391-00028-00-1,박순하씨 건물,6,37.4061335298,126.9548929337
13912-29392-00040-00-1,,13,37.4009029966,126.9761559943
13914-29391-00002-00-1,,12,37.3962963533,126.9508061154
13915-29391-00004-00-1,.,3,37.3841152337,126.9625843697
13915-29391-00011-00-1,제 172 호,3,37.3844687159,126.9634830045
13915-29391-00025-00-1,번호 211,2,37.3852617663,126.9639704216
13915-29391-00029-00-1,번호 213,3,37.3847788972,126.9642326185
13915-29391-11011-00-1,간부숙소,14,,
13916-29391-11013-00-1,관악수목원 생태학습원,19,,
13917-29391-00013-00-1,,192,37.383858945,126.9613469491
13917-29391-00015-00-1,60호,2,37.383444508,126.961451043
13917-29391-00016-00-1,제12호,2,37.3833075759,126.9615233782
13917-29391-00017-00-1,제164호,3,37.3831670412,126.9616002314
13917-29391-00018-00-1,제62호,2,37.383030109,126.961672566
13917-29391-00023-00-1,제56호,2,37.3831849984,126.9614060103
13917-29391-00024-00-1,제312호,2,37.3833003088,126.9613427193
13917-29391-00044-00-1,.,10,37.3896014261,126.9319612891
13917-29392-00025-00-1,NO.74,2,37.3834192233,126.9612794262
13918-29391-00003-00-1,유일아르젠뷰,16,37.3841357248,126.9287413652
13918-29391-00004-00-1,더포레스트,8,37.384218763,126.9289806675
13918-29391-00007-00-1,,37,37.3904940574,126.9433929993
13918-29391-00021-00-1,,47,37.3896726643,126.9441072945
13919-29391-00014-00-1,.,4,37.3828902004,126.931262773
13923-29391-00006-00-1,,14,,
13923-29391-00008-00-1,,16,37.3796485367,126.9417436532
13923-29391-00011-00-1,,117,37.3804010867,126.9479576247
13924-29391-00009-00-1,해밀리안,12,37.3678576427,126.9538140422
13925-29391-00004-00-1,서희아리채,188,37.385627261,126.9339883637
13928-29391-00004-00-1,제24호,2,37.3790796797,126.9606403411
13928-29391-00006-00-1,No. 280,2,37.3791264636,126.9604325661
13928-29391-00008-00-1,No. 94-237,2,37.3793462727,126.9603105098
13928-29391-00018-00-1,NO. 242,3,37.3791446284,126.9608661229
13929-29391-00079-00-1,갈산동사무소,5,37.3761512476,126.966133493
13929-29391-00080-00-1,안양경찰서 호계지구대,6,37.3763134683,126.9662598722
13930-29391-00010-00-1,94-286,2,37.3760487003,126.9608451508
13934-29391-00005-00-1,유림하이츠,15,37.3837446008,126.9316594531
13934-29391-00013-00-1,,25,37.3879585511,126.9472297063
13934-29391-00016-00-1,,32,37.3857123149,126.9452800621
13934-29392-00011-00-1,,28,37.3882760553,126.9480063842
13938-29391-00049-00-1,,21,37.4205554611,126.8954484995
13941-29391-00003-00-1,,12,37.3877398825,126.9420535713
13941-29391-00004-00-1,일이기현,8,37.3876064491,126.9418865516
13941-29391-00008-00-1,,11,37.3874948706,126.9421892644
13941-29391-00010-00-1,,12,37.3872463819,126.9425869337
13941-29391-00013-00-1,,12,37.3868712477,126.9419548707
13941-29391-00018-00-1,,13,37.3850296008,126.9420466237
13941-29391-00031-00-1,,13,37.3931139972,126.9237323788
13947-29391-00034-00-1,,14,37.3912845078,126.9544049575
13947-29391-11010-00-1,수자인,12,,
13948-29391-00008-00-1,,12,37.3907793601,126.9529372341
13948-29391-00009-00-1,,12,37.3908370919,126.9531043276
13948-29391-00010-00-1,,28,37.3909020424,126.953298519
13948-29391-00011-00-1,,16,37.3899572388,126.9519711177
13948-29392-00003-00-1,,19,37.390368015,126.9517495232
13948-29392-00013-00-1,서련코아,28,37.3901232205,126.952449811
13948-29392-00016-00-1,청구랜드,14,37.3904227091,126.9533259183
13949-29391-00003-00-1,,22,37.3904411699,126.9544551552
13949-29391-00011-00-1,호계동 1058 교육연구시설 (김영식),39,37.3846005142,126.9587585321
13949-29391-00013-00-1,호계동 1058-2 교육연구시설 (배영수),20,37.3843158442,126.9589122532
13949-29391-00014-00-1,맥도날도 평촌점,5,37.384193327,126.9589755528
13949-29391-00018-00-1,아카데미센타,20,37.3836924516,126.9592468209
13949-29392-00012-00-1,,29,37.3844383599,126.9588444369
13949-29392-00017-00-1,,27,37.3838293822,126.9591744813
13950-29391-00028-00-1,,90,37.3829391286,126.9590530173
13950-29391-00036-00-1,,25,37.3829897832,126.9596265911
13951-29391-00002-00-1,,33,37.3827447509,126.9597622184
13951-29391-00004-00-1,,19,37.3823267524,126.9599882671
13951-29391-00005-00-1,,40,37.3822042346,126.9600515632
13951-29391-00098-00-1,제 105 호,2,37.3810722399,126.9591488774
13951-29391-00101-00-1,건축ㅎ가번호('93 - 343호),2,37.3794217109,126.9595788242
13951-29391-00104-00-1,제63호,2,37.3789820926,126.9598184244
13951-29391-00113-00-1,허가번호 제16호,1,37.3790182086,126.9600397042
13951-29391-00118-00-1,제114호,2,37.3797282994,126.9602877267
13953-29391-00003-00-1,개성하이뷰,13,37.3871156614,126.9276725819
13955-29391-00004-00-1,,21,37.3646160359,126.9595145204
13955-29391-00007-00-1,,15,37.3661132486,126.9641918097
13957-29391-11013-00-1,RAON HEIM,19,,
13958-29391-11013-00-1,,128,,
13960-29391-00001-00-1,관양동 00시설,15,37.3910155097,126.9697178445
13960-29391-00009-00-1,,16,37.3990107911,126.96211618
13960-29391-00011-00-1,관양 두산 벤처다임,230,37.4018774389,126.9667724647
13960-29392-00007-00-1,1,39,37.3977460005,126.96288478
13961-29391-00002-00-1,구스토쏘,1,37.4036679864,126.9539818187
13961-29391-00003-00-1,허가번호:210호,4,37.4036356093,126.9541354432
13961-29391-00008-00-1,은하수맨숀,7,37.4034121475,126.9541129905
13961-29391-00010-00-1,대주다세대,4,37.4032245997,126.9537652373
13961-29391-00012-00-1,삼손카세차장,1,37.4031668067,126.9534399943
13961-29391-00018-00-1,해담채,10,37.403279214,126.9552018526
13961-29391-00020-00-1,,14,37.4032254244,126.9559247263
13962-29391-00003-00-1,,51,37.4039934273,126.9568278378
13962-29391-00033-00-1,"1995.4.18 , 허가 제 118호",1,37.4056592975,126.9590316204
13962-29392-00006-00-1,,32,37.4040441186,126.9574738555
13962-29392-00010-00-1,테라리움(terrarium),15,37.4044478358,126.9576407872
13963-29391-00005-00-1,덕원맨숀7차,9,37.4068714,126.962437517
13963-29391-00010-00-1,위드힐,6,37.4066447685,126.9638020558
13964-29391-00001-00-1,건축하가 ('93-224호),2,37.4075670291,126.9625681923
13964-29391-00007-00-1,은빛설레임,8,37.4062514088,126.9621577141
13964-29391-00011-00-1,유진소르베Ⅱ,8,37.4055051142,126.961385529
13964-29391-00022-00-1,,25,37.4044819127,126.9624974417
13964-29391-00027-00-1,,14,37.4048608034,126.9639836284
13964-29391-00045-00-1,유진소르베,12,37.4066270388,126.9647643909
13964-29391-00049-00-1,향나무재 레지던스,7,37.4070054119,126.9645789762
13964-29392-00023-00-1,,11,37.404334004,126.9620547684
13964-29392-00026-00-1,,42,37.4047345679,126.9636809928
13965-29391-00002-00-1,마창수산 인덕원점,4,37.4044877533,126.9703765455
13965-29391-00006-00-1,,14,37.4041746942,126.972427758
13965-29391-00016-00-1,,33,37.4037241193,126.9721523379
13965-29391-00028-00-1,,20,37.4037171799,126.9733179303
13965-29392-00007-00-1,'93-268호,35,37.4040234023,126.9727711669
13966-29391-00009-00-1,박달2동다목적복지회관,5,37.4016945833,126.9030372837
13967-29391-00001-00-1,,46,37.403418114,126.973643316
13967-29391-00006-00-1,관양2동사무소,5,37.4022641786,126.9709602046
13967-29391-00008-00-1,00,4,37.4012482444,126.9727134417
13967-29391-00017-00-1,베라체,16,37.4006715605,126.9725826402
13968-29391-00010-00-1,허가번호:159,3,37.4049690653,126.9644443988
13968-29391-00020-00-1,인덕원 엘리시아,11,37.4060151379,126.9675341674
13968-29391-00024-00-1,영원해밀리지4,12,37.4054636212,126.9672000811
13968-29391-00026-00-1,제 359호,3,37.4054207488,126.9685870928
13968-29391-00042-00-1,,12,37.4023565995,126.9552837206
13969-29391-00025-00-1,,14,37.4038118407,126.9634148882
13969-29391-00036-00-1,,34,37.4041151117,126.9651631348
13969-29391-00044-00-1,에버리스,8,37.4032717802,126.965244845
13970-29391-00004-00-1,다가구신축,4,37.4021999698,126.9607773356
13970-29391-00013-00-1,,22,37.403140786,126.9612331386
13970-29391-00017-00-1,,91,37.4036278023,126.9626785788
13970-29391-00022-00-1,,11,37.4032998763,126.9628233099
13970-29391-00027-00-1,해담채,5,37.4022976726,126.9619789942
13970-29391-00036-00-1,성도개발,8,37.4033946534,126.9664013375
13970-29391-00039-00-1,햇살가득한 집(B),6,37.4038922551,126.9672504619
13970-29391-00042-00-1,햇살가득한 집(A),6,37.4038958917,126.9673679231
13970-29391-00044-00-1,허가번호 : 제 13 호,6,37.4043102583,126.9669972817
13970-29391-00053-00-1,관양동 소매점,4,37.4043609753,126.9679414857
13970-29391-00056-00-1,,17,37.4040369535,126.9692427528
13972-29391-00013-00-1,,14,37.3879387178,126.9362357248
13972-29391-00014-00-1,,63,37.3900156767,126.9381220581
13974-29391-00001-00-1,94-86호,5,37.4008704632,126.9756816546
13975-29391-00001-00-1,한양하우징,10,37.399320726,126.9757770234
13976-29391-00005-00-1,햇살가득한 집,7,37.3869690363,126.9735632561
13976-29391-00022-00-1,만안청소년수련관,134,37.3831037765,126.9268137739
13976-29391-00025-00-1,법원사,8,37.3838958505,126.9254896403
13976-29391-00031-00-1,스페이스 블래스유,8,37.3963112569,126.9755024339
13976-29391-00033-00-1,평안동사무소,6,37.3903580406,126.96425707
13976-29391-00034-00-1,평안파출소,2,37.3904518245,126.9645144941
13976-29391-00035-00-1,,411,37.3950795912,126.964900798
13976-29391-00037-00-1,한국전력공사안양복합화력발전소,103,37.3941720035,126.9671372437
13976-29391-00038-00-1,허가번호 : 450호,4,37.3929542539,126.9687323272
13976-29391-00042-00-1,평촌트윈마트,44,37.3849973545,126.959891998
13976-29392-00041-00-1,,15,37.3901564665,126.9651108742
13979-29391-00001-00-1,.,7,37.4058244979,126.9689348038
13980-29391-00024-00-1,안양위너스골프클럽,120,37.3791828488,126.9402220143
13980-29392-00007-00-1,,18,37.4004995779,126.9773713557
13980-29392-00014-00-1,,12,37.3990147658,126.9777467554
13981-29392-00001-00-1,,26,37.3928079009,126.9613288031
13983-29391-00006-00-1,해뜨는집,6,37.4059184425,126.9698564212
13984-29391-00006-00-1,부림동우체국,2,37.3928836574,126.9615455869
13984-29391-00024-00-1,신안시티,8,37.4053819212,126.9718309541
13984-29391-00025-00-1,한국해사위험물검사원,42,37.4053675819,126.9721562475
13985-29391-00026-00-1,박달마루채,6,37.4098918943,126.8847733568
13986-29391-00001-00-1,,69,37.3980985274,126.960797543
13986-29391-00002-00-1,안양농협종합시설,130,37.397774077,126.9605492531
13986-29391-00010-00-1,,208,37.3923099997,126.9597209694
13986-29391-00013-00-1,경기도안양교육청,99,37.3953770867,126.9597419146
13986-29391-00014-00-1,안양소방서,48,37.3958783545,126.9606315585
13986-29391-00018-00-1,효성인텔리안,326,37.3947682141,126.9603882074
13986-29391-00019-00-1,세방 글로벌시티,290,37.3949738289,126.9609346883
13986-29391-00022-00-1,,16,37.3899707706,126.9350324912
13986-29391-00024-00-1,,14,37.3897184695,126.9350056072
13986-29391-00026-00-1,신한은행,33,37.3942855699,126.9613054579
13986-29391-00029-00-1,송백,68,37.3945057388,126.9622946197
13986-29391-00030-00-1,중소기업은행,40,37.3947365152,126.9626558841
13986-29391-00036-00-1,,12,37.3933518103,126.9603979871
13986-29391-00038-00-1,,16,37.3934708642,126.9607547813
13986-29391-00039-00-1,,17,37.3935249764,126.9609083372
13986-29391-00041-00-1,,16,37.3936332017,126.9612199667
13986-29391-00045-00-1,,20,37.3930600714,126.9609763359
13986-29391-00054-00-1,월마트 안양점,638,37.3949350079,126.9635140656
13986-29391-00055-00-1,평촌I-PARK,550,37.3936665842,126.9642193616
13986-29391-00058-00-1,"관양동 1653-1 노유자시설 (백성희,남궁 진)",3,37.4133614896,126.9724063175
13986-29392-00037-00-1,,16,37.3934203544,126.9605967066
13986-29392-00043-00-1,,35,37.3938676907,126.9619064602
13986-29392-00047-00-1,,15,37.3932945617,126.9616628233
13987-29391-00002-00-1,,692,37.3980942398,126.9587872788
13987-29391-00003-00-1,부림동사무소,7,37.3987684334,126.9594509811
13987-29391-00016-00-1,안양노동복지회관,13,37.377232879,126.9399209765
13987-29391-00024-00-1,,37,37.4100492761,126.9721274059
13987-29391-00025-00-1,NEXT EYE,77,37.4094076718,126.9717978199
13987-29391-00026-00-1,이오테크닉스 R&D 센터,116,37.4109175675,126.9709162005
13987-29391-00028-00-1,대한예수교장로회,61,37.410523837,126.9675141489
13987-29391-00049-00-1,해오름둥지,6,37.407205267,126.9705200516
13987-29391-00060-00-1,트윈 픽스(Twin Peaks ),6,37.408975363,126.97256606
13987-29391-00065-00-1,.,5,37.4083337118,126.972033162
13987-29391-00076-00-1,,163,37.4082401714,126.9727425325
13988-29391-00011-00-1,,11,37.4011730223,126.9043028938
13988-29391-00021-00-1,,17,37.4020672755,126.9004707558
13988-29391-00041-00-1,코리아골프클럽,196,37.4028016121,126.8952608379
13988-29391-00065-00-1,상주이씨문중회관,7,37.4070294028,126.8839012513
13988-29391-00088-00-1,안양원예농협주유소,3,37.4096850977,126.8833820845
13988-29391-00089-00-1,,11,37.4094258182,126.8835993567
13989-29391-00009-00-1,비산동 145-3 노유자시설 (최삼녀),7,37.4092296641,126.9467765322
13989-29391-00013-00-1,비산동전통음식점,2,37.410568773,126.9514112594
13989-29391-00020-00-1,비산동 247-6,12,37.4014670663,126.9481147309
13990-29391-00006-00-1,바움,8,37.4084966637,126.884310132
13990-29391-00020-00-1,.,2,37.4139853149,126.9511108377
13991-29391-00015-00-1,안양천 방문자센터,15,37.4170779898,126.8959684531
13991-29391-00031-00-1,수림,20,37.4091059689,126.9003801188
13991-29391-00033-00-1,,13,37.408345722,126.9006341372
13991-29391-00056-00-1,비산동 36-1 (박기영),2,37.4139027712,126.9519648693
13992-29391-00023-00-1,연현빗물펌프장,2,37.4356186363,126.9017234994
13992-29391-00030-00-1,해뜨는집,4,37.4329548792,126.9057132211
13992-29391-00034-00-1,늘푸른마을,6,37.4329298272,126.9059347102
13992-29391-00035-00-1,늘푸른마을,6,37.4328252267,126.9058308917
13992-29391-00036-00-1,,13,37.4321328101,126.9052849001
13992-29391-00039-00-1,유진O/B주유소,2,37.4295266885,126.9048091337
13994-29391-00001-00-1,,12,37.3977223479,126.9683011906
13995-29391-00002-00-1,,39,37.3981697991,126.9704016197
13995-29391-00003-00-1,,160,37.3981735299,126.9709120909
13995-29391-00004-00-1,,27,37.3976149331,126.9710613818
13996-29391-00003-00-1,영원해밀리지2,12,37.4106564497,126.9102910084
13996-29391-00021-00-1,그라하시티,12,37.4095252042,126.9108661608
13996-29391-00023-00-1,제니스6차,11,37.4094060718,126.9106042504
13996-29391-00026-00-1,,12,37.4102392321,126.9114255692
13996-29391-00028-00-1,,20,37.4096810256,126.911995513
13996-29391-00039-00-1,,26,37.4125407502,126.909461909
13996-29391-00040-00-1,석수동 319-2,2,37.4124832371,126.9096607841
13996-29391-00045-00-1,명품하이츠,11,37.4130677704,126.9105456788
13996-29391-00046-00-1,허가번호:117,5,37.4119975858,126.9108451583
13998-29391-00002-00-1,안양박달동새마을금,6,37.4033006006,126.9103946515
13998-29391-00043-00-1,로체,8,37.4059857246,126.910504402
13999-29391-00015-00-1,,15,37.4115222082,126.911324657
13999-29391-00019-00-1,,15,37.4111586929,126.9119892661
14000-29391-00007-00-1,I loom village,13,37.4066921169,126.9104945259
14000-29391-00010-00-1,수자인,16,37.406713936,126.9107520241
14000-29391-00017-00-1,,13,37.4052656581,126.9068096312
14001-29391-00002-00-1,석수공급관리소,3,37.427572071,126.9078259295
14001-29391-00005-00-1,청광플러스원,51,37.4300799697,126.9026662505
14002-29391-00054-00-1,세원전기통신공사,5,37.4020897633,126.9105722833
14002-29391-11013-00-1,안양지구대,6,,
14005-29391-00005-00-1,,15,37.4196164396,126.9106327835
14005-29391-00006-00-1,,27,37.4197930309,126.9207274715
14005-29391-00007-00-1,,16,37.4192923553,126.9211617968
14005-29391-00012-00-1,,17,37.4189281812,126.9209181686
14005-29391-00015-00-1,원두막집,4,37.420612051,126.9277488297
14005-29391-00018-00-1,사랑이 깊은 집,4,37.4187153886,126.9322828982
14005-29391-00100-00-1,,13,37.4003056027,126.9459967843
14005-29391-00101-00-1,,16,37.4008071171,126.9472071453
14005-29391-00102-00-1,,25,37.4000461499,126.9460873219
14005-29391-00106-00-1,벧엘,3,37.4006906615,126.9447451305
14005-29391-00118-00-1,,14,37.3976448173,126.9367695938
14005-29391-00120-00-1,,11,37.3972273254,126.9378676727
14005-29391-11014-00-1,신호안차랑21차,8,,
14005-29392-00137-00-1,,17,37.3969033423,126.9386042732
14006-29391-00043-00-1,비산 파출소,5,37.3991087169,126.9379790574
14006-29391-00051-00-1,,16,37.3999523931,126.932006143
14007-29391-00009-00-1,삼우아트,12,37.4029463173,126.9089765022
14009-29391-00019-00-1,.,6,37.4080922117,126.9719203005
14009-29391-00025-00-1,제1동,6,37.4077642586,126.9719972294
14011-29391-00010-00-1,불암사,2,37.4094171753,126.9328153717
14011-29391-11013-00-1,,73,,
14013-29391-00001-00-1,안양농협 평촌지소,4,37.3936045725,126.975435557
14013-29391-00003-00-1,오영준씨건물,14,37.3926169877,126.9751287148
14013-29391-00004-00-1,오영준씨건물,14,37.3923034052,126.9750023395
14013-29391-00006-00-1,'93-253,4,37.3924621672,126.975878607
14013-29391-00011-00-1,퍼스트힐,19,37.3892650241,126.9298702582
14013-29391-00017-00-1,삼성전자디지탈센터,36,37.3899136898,126.974059088
14014-29391-00001-00-1,,20,37.3940444101,126.9761129949
14015-29391-00004-00-1,세리상사,13,37.3961019224,126.974106646
14015-29391-00006-00-1,평촌동 85-7 (플러스아울렛),8,37.3956046339,126.9744546495
14016-29391-00009-00-1,Doheon Bio Solution(DBS),40,37.400612275,126.9663122277
14016-29391-00014-00-1,이즈미디어,60,37.3981330005,126.9675149805
14017-29391-00004-00-1,엘지유플러스평촌메가센터,349,37.397969911,126.964370909
14017-29391-00006-00-1,안양창업지원센터,151,37.3982110152,126.9631646332
14017-29391-00007-00-1,글로텍디지털센터,140,37.3973713946,126.9635896806
14017-29391-00008-00-1,네온테크,102,37.3965425805,126.9640011612
14017-29391-00017-00-1,'92-222호,5,37.3923976235,126.9775544758
14019-29391-00026-00-1,,12,37.3973630451,126.9355591651
14019-29391-00031-00-1,1,7,37.3976581416,126.934759328
14019-29391-00032-00-1,허가번호:1403,28,37.3975357793,126.9350801708
14019-29391-00038-00-1,,16,37.3946156127,126.9402955882
14019-29392-00024-00-1,허가번호:246호,4,37.3975162991,126.9324736378
14022-29391-00013-00-1,안양신경외과,7,37.4027754682,126.9118093271
14022-29391-11013-00-1,로체그랑,8,,
14024-29391-00002-00-1,,13,37.4087363785,126.9478386326
14024-29391-00005-00-1,.,5,37.4079651275,126.9478888658
14024-29391-00014-00-1,햇살가득한집,12,37.4073711948,126.9495970847
14024-29391-00028-00-1,관악관,18,37.4033343645,126.948994408
14025-29391-00018-00-1,1동,8,37.4024519734,126.9504271214
14025-29391-00020-00-1,,20,37.4026327509,126.9518139438
14025-29391-00023-00-1,허가번호:310,2,37.402336938,126.9511364772
14025-29391-00038-00-1,수자인,16,37.4042037234,126.9508235354
14026-29391-00002-00-1,비산동 1043-7 노유자시설 (강정근),2,37.4061248111,126.951093356
14026-29391-00004-00-1,,12,37.4066581663,126.9509755421
14026-29391-11013-00-1,한국도로공사도로관리사무소,5,,
14029-29391-00002-00-1,정우펠리스,11,37.40612656,126.9108701871
14031-29391-00005-00-1,목련원,8,37.4114758607,126.9072853918
14032-29391-00001-00-1,밀레니엄,12,37.4108254734,126.9098073578
14032-29391-00078-00-1,No. 180,6,37.3727409616,126.9634254671
14032-29391-11013-00-1,한일코지세상,55,,
14033-29391-00002-00-1,,40,37.3807360296,126.9674457071
14040-29391-11012-00-1,쎈텀플레이스,80,,
14051-29391-00004-00-1,94-110,2,37.3783731966,126.960401348
14055-29391-11011-00-1,현대자동차 신영공업사,12,,
14055-29392-11010-00-1,,30,,
14058-29391-11010-00-1,에이스하이테크시티평촌,346,,
14059-29391-11010-00-1,,17,,
14066-29391-00039-00-1,제176호,2,37.3795985762,126.9603600566
14087-29391-00018-00-1,제100호,2,37.3787228755,126.9606450438
14087-29391-00019-00-1,,13,37.3771657691,126.9602393997
14088-29391-11013-00-1,,22,,
14091-29391-00016-00-1,nO. 270('94.11.18),2,37.3733934538,126.9639128752
14093-29391-00017-00-1,수자인,14,37.4109430822,126.9080857739
14093-29391-00018-00-1,영원해밀리지3,15,37.4109325084,126.9083930259
14093-29391-00019-00-1,유일스타리움,9,37.4112245958,126.908595991
14093-29391-11013-00-1,다온채,3,,
14094-29391-00016-00-1,No. 179,2,37.3728129172,126.9630189979
14095-29391-00005-00-1,이재운,2,37.379245758,126.961520937
14095-29391-00006-00-1,'95.4.10.  제105호,2,37.3791015897,126.9615074617
14096-29391-00007-00-1,.,6,37.4036496109,126.9530782727
14096-29391-00010-00-1,,12,37.4026257168,126.9522431321
14096-29391-00016-00-1,하이마트,20,37.4027882585,126.9531375404
14096-29391-00017-00-1,92-30,5,37.4005984901,126.9481334002
14096-29391-00019-00-1,"No.188(92,8,4)",5,37.4008437965,126.9486572747
14096-29391-00025-00-1,,74,37.4015764166,126.9509924058
14096-29391-00028-00-1,비산동 키즈맘센터,175,37.4018511413,126.9529980759
14096-29391-00031-00-1,달안동사무소,6,37.3960762393,126.9501738329
14114-29391-00031-00-1,,12,37.4100153141,126.910806844
14119-29391-11011-00-1,,31,,
14354-29391-00067-00-1,까사리움,6,37.3938310878,126.9235419301
14487-29391-00204-00-1,해밀레지던스,6,37.4137495131,126.9162470781
14516-29391-00030-00-1,신명프라임,9,37.4066041553,126.9133680545
14525-29391-00060-00-1,,39,,
14548-29392-00118-00-1,,22,37.3904162093,126.9324122519
14561-29391-00021-00-1,,83,37.4097175685,126.9715717962
14652-29391-00027-00-1,,13,37.3828106235,126.9372291884
14661-29391-00117-00-1,,12,37.4321824477,126.9042679503
14671-29391-00030-00-1,,64,37.399699014,126.9616279383
14692-29391-00033-00-1,평촌 더샵 센트럴시티,1906,37.4000815369,126.9631682352
14756-29391-00021-00-1,로체그랑,8,,
15087-29391-00028-00-1,,112,37.3827177969,126.9389094148
15436-29391-00031-00-1,신성안양미소지움,141,37.3922160654,126.9125760544
15640-29391-00241-00-1,수자인숲속마을,32,37.4100478528,126.9469160166
15640-29391-00302-00-1,메르디앙,5,,
15641-29391-00032-00-1,더편안한집,7,,
16011-29391-11066-00-1,의왕청계편의시설,46,,
16361-29391-00089-00-1,,235,37.395757522,126.9466053673
16369-29391-00006-00-1,장애인종합복지회관(곰두리회관),14,37.4125236292,126.920753206
16681-29391-00027-00-1,안양시노인종합복지관,17,37.3794251826,126.9498235443
16802-29391-00304-00-1,SKT 안양호계 전송국사,17,,
16824-29391-00217-00-1,청명해오름,26,,
16888-29391-00133-00-1,성지촌,3,,
16968-29391-00077-00-1,세종렉스힐,18,,
16995-29391-00032-00-1,,15,37.3857384834,126.9397967562
17038-29391-00069-00-1,강후그로잉,8,,
17045-29391-00083-00-1,Dream House,2,,
17106-29391-00111-00-1,펄어비스 안양오피스,103,37.3981435355,126.9665211357
17128-29391-00006-00-1,비산동 81 교정및군사시설 (6950부대-헌병대),37,,
17128-29391-00020-00-1,DH스페이스,7,,
17128-29391-00130-00-1,로체그랑,6,,
17166-29391-00307-00-1,금정역호계푸르지오,418,37.3746431,126.9511544473
17307-29391-00033-00-1,Michael House,3,37.3999014351,126.9145684066
17343-29391-00117-00-1,조인,4,,
17406-29392-00106-00-1,유일-SJ뷰,15,,
17413-29391-00112-00-1,호계 데시앙플렉스,280,,
17537-29391-00112-00-1,한일타일,2,,
17544-29391-00051-00-1,안양열병합발전소,43,37.3924637154,126.967318674
17553-29391-00187-00-1,대명 글로벌 비즈스퀘어,164,37.3965323865,126.9660927032
17554-29391-00205-00-1,.,7,37.3951492495,126.969133453
17736-29391-00004-00-1,안양자동차검사소,20,37.3954998965,126.9734608797
17741-29391-00064-00-1,대경시실리,64,,
17798-29391-00065-00-1,,43,37.4168498103,126.9173732703
17799-29391-00008-00-1,휴스토리,10,37.3869252537,126.9286754904
17800-29391-00051-00-1,다청림 카운티,91,37.3985999716,126.9002630197
17800-29391-00052-00-1,라이프스토리,20,37.3923114373,126.90999216
17946-29391-00049-00-1,안양종합운동장,1022,37.4053696785,126.9467431196
18131-29392-00013-00-1,청명더에이스,48,,
18274-29391-00082-00-1,종합강의동,313,37.4036672339,126.930340241
18334-29391-00152-00-1,호계동 금호 어울림,142,37.3634641934,126.9640711533
18336-29391-00334-00-1,안양 명학역유보라 더스마트,400,,
18473-29391-00053-00-1,흥부가,8,37.4219706268,126.9116015462
18474-29391-00070-00-1,수도군단  통합정비고(건물번호 24번 정비시설),18,37.4149124171,126.9448612019
18511-29391-00159-00-1,리첸시아,10,,
18541-29391-00310-00-1,,36,37.4004613077,126.9677624432
18542-29391-00106-00-1,비산주유소,33,37.3935061588,126.9415070716
18551-29391-00134-00-1,,14,37.3691852726,126.9573264574
18553-29391-00734-00-1,관양동 1491-5 음식점,6,,
18554-29391-00156-00-1,해든누리9차,32,37.4022832278,126.9138699765
18565-29391-00104-00-1,오뚜기중앙연구소,132,,
18577-29391-00353-00-1,박달주유소,2,37.4036608411,126.8851849818
18577-29391-00392-00-1,,11,37.3952584082,126.8954249226
18581-29391-00361-00-1,골든클래스3차,20,37.4035522252,126.9528885867
18585-29392-00256-00-1,어반휴플러스,92,,
18588-29391-00051-00-1,,17,37.403645412,126.9363850579
18594-29391-00136-00-1,원평노블레스 7차,13,37.3963809597,126.926349131
18614-29391-00121-00-1,비산동  11-1 교정빛군사시설,101,,
21126-29391-00086-00-1,안양임곡 휴먼시아,505,37.401273913,126.9299855627
21543-29391-00138-00-1,평촌 어바인 퍼스트,4497,,
21551-29391-00094-00-1,평촌신도시주유소,6,37.3958396242,126.9634820059
21559-29391-00097-00-1,삼성원시티,45,,
21639-29392-00038-00-1,,27,37.3915154254,126.9550733422
22135-29391-00027-00-1,피렌체,3,,
22175-29391-00019-00-1,영원해밀리지,8,,
22313-29391-00026-00-1,박달동 동원베네스트,140,37.4050109658,126.9083415033
22359-29391-00445-00-1,영원해밀리지,8,,
22678-29391-00086-00-1,휴원,11,,
22777-29391-00064-00-1,삼성사,2,37.4083538953,126.9326807792
22830-29391-00030-00-1,꿈에그린7차,13,,
23037-29391-00101-00-1,,16,37.381540765,126.9713972612
23048-29391-00309-00-1,안양2차 SK V1 center,365,,
24065-29391-00040-00-1,석수하수처리장,29,37.419476899,126.8985001451
24161-29391-00025-00-1,,28,37.3895699685,126.9404576827
24202-29391-00085-00-1,더 퍼스트힐 B,7,,
24408-29391-00325-00-1,호계스카이뷰,28,,
24408-29391-00327-00-1,개성하이뷰,28,,
24465-29391-00266-00-1,,16,37.4165252889,126.9171522175
24549-29391-00028-00-1,수림,20,,
24637-29391-00022-00-1,주건축물 제1동,3,,
24745-29391-00041-00-1,골든트리,6,,
24750-29391-00041-00-1,안양예술인센터,6,,
25302-29391-00073-00-1,라온채,16,37.4116830325,126.9095307153
25312-29391-00109-00-1,분뇨처리장,16,37.4168189924,126.8965336333
25620-29391-00096-00-1,서림계전,15,37.3870271955,126.9368191624
25626-29392-00046-00-1,,174,,
25640-29391-00037-00-1,,14,37.42453012,126.9124119643
25641-29391-00048-00-1,동편마을,1221,37.4090718289,126.9691412961
25756-29391-00009-00-1,호계스카이뷰,28,,
26043-29391-00073-00-1,,14,37.399697518,126.9687927715
26201-29391-00269-00-1,안양복지관,9,,
26210-29391-00056-00-1,,40,37.4150045284,126.9493524913
26320-29391-00025-00-1,103에비뉴,135,,
26357-29391-00144-00-1,그랑메종,10,,
26369-29392-00058-00-1,엠씨티,82,,
26451-29391-00062-00-1,샘마을201동-208동,521,37.3766345908,126.9675378031
26504-29391-00104-00-1,베아누체,20,,
27147-29391-00042-00-1,신우메르디앙,5,,
27197-29391-00067-00-1,노블리앙 비씨 3차,8,,
27315-29391-00124-00-1,유앤아이,10,,
27489-29391-00061-00-1,에버앤비 스퀘어,40,,
27816-29391-00123-00-1,연리지Ⅲ,5,37.3788458783,126.9367808632
28100-29391-00024-00-1,,12,37.3687497326,126.9495822916
28172-29391-00149-00-1,지에스피배터리(GSP BATTERY),5,,
28174-29391-00171-00-1,우명 또다른세상,8,37.4029290151,126.963984553
28181-29391-00189-00-1,더끌리움,16,,
28181-29391-00217-00-1,알파존,26,,
28293-29391-00082-00-1,그랜드지오,8,,
28317-29391-00004-00-1,신호안차랑18차,8,,
28328-29391-00073-00-1,,33,37.3964032291,126.9682159165
28670-29391-00084-00-1,조양위너스,10,37.4065003709,126.9143756783
28706-29391-00017-00-1,푸르뫼,5,,
30000-29391-11014-00-1,만안택시쉼터,1,,
30000-29391-20112-00-1,,11,37.3847237679,126.9511704922
30000-29391-20114-00-1,호계동 신도브래뉴,609,37.3836017624,126.9485019193
30000-29391-20116-00-1,101,4,37.3840715811,126.9515457938
30000-29391-20118-00-1,프로방스힐,4,37.3822039444,126.9498307259
30000-29391-20121-00-1,허가번호:92-261호,4,37.3823513315,126.9489408757
30000-29391-20122-00-1,,12,37.3823703942,126.9298721628
30000-29391-20152-00-1,,17,37.3941353039,126.9258544347
30000-29391-20165-00-1,.,7,37.3766955283,126.9554479928
30000-29391-20170-00-1,,13,37.3969959369,126.9242569796
30000-29391-20176-00-1,,20,37.3966855818,126.9236293779
30000-29391-20179-00-1,,14,37.396077974,126.9259609371
30000-29391-20181-00-1,,16,37.3960210743,126.9271942234
30000-29391-20216-00-1,,14,37.3953483641,126.9234726296
30000-29391-20240-00-1,,28,37.3934814418,126.9234654932
30000-29391-20254-00-1,,62,37.3706124452,126.9571811433
30000-29391-20277-00-1,안양1번가지점,46,37.3998712373,126.9230795207
30000-29391-20283-00-1,리치밸리,164,37.3690583459,126.9552086609
30000-29391-20284-00-1,베네치아,13,37.3688670787,126.9545539981
30000-29391-20291-00-1,로얄리움,6,37.3686115122,126.9554076166
30000-29391-20303-00-1,,19,37.3696249846,126.9573578186
30000-29391-20312-00-1,광진신세대 나동,6,37.3688247281,126.9569563745
30000-29391-20333-00-1,광진신세대 가동,7,37.3687237523,126.9567893516
30000-29391-20342-00-1,,22,37.3675599159,126.957589284
30000-29391-20349-00-1,,26,37.3989715159,126.9196155144
30000-29391-20351-00-1,,17,37.3986048673,126.9210524654
30000-29391-20353-00-1,학림사,2,37.4005344589,126.9231872652
30000-29391-20356-00-1,유일스타리움,8,37.4040673941,126.919180879
30000-29391-20360-00-1,,19,37.4044312608,126.9189681501
30000-29391-20385-00-1,,13,37.3757410875,126.9571962925
30000-29391-20386-00-1,19931207,7,37.3756544874,126.9569163431
30000-29391-20388-00-1,안양우리주유소,3,37.3746599472,126.9574452894
30000-29391-20423-00-1,호계동 동원베네스트,118,37.3746217357,126.9616362003
30000-29391-20434-00-1,,21,37.373542865,126.9579742901
30000-29391-20435-00-1,,14,37.3733302535,126.9580602121
30000-29391-20442-00-1,,15,37.3722707927,126.9584717491
30000-29391-20473-00-1,골든뷰,8,37.4005133988,126.9186425842
30000-29391-20498-00-1,,16,37.401680978,126.9184335093
30000-29391-20503-00-1,행복한 사람들,19,37.4024422206,126.9144390262
30000-29391-20540-00-1,호계동 박영욱씨 신축공사,4,37.3716875015,126.9601384262
30000-29391-20544-00-1,스위트홈 B동,6,37.3715037728,126.9603778639
30000-29391-20545-00-1,,55,37.3708652277,126.958571872
30000-29391-20569-00-1,안양푸른요양원,18,37.3689406557,126.9586271187
30000-29391-20571-00-1,호계파출소,2,37.3682163252,126.9588984561
30000-29391-20576-00-1,,16,37.3722336178,126.9466581721
30000-29391-20578-00-1,우신주유소,2,37.3732606763,126.9464135828
30000-29391-20579-00-1,안양 IT밸리,223,37.3709151932,126.9481809376
30000-29391-20581-00-1,록스기계,22,37.3700364953,126.9498117348
30000-29391-20585-00-1,부림이엔지,16,37.369744186,126.9489313579
30000-29391-20588-00-1,플라이밍 워터 벤처밸리,14,37.3694846047,126.9487328414
30000-29391-20620-00-1,다해그린힐,16,37.3942207589,126.9187803852
30000-29391-20634-00-1,,23,37.3703577097,126.9508817627
30000-29391-20635-00-1,,40,37.3693087444,126.9504715155
30000-29391-20639-00-1,신용종합주방,7,37.368317974,126.9513346591
30000-29391-20640-00-1,안전운수,2,37.3682169828,126.9511495823
30000-29391-20642-00-1,은성기연,4,37.3690780383,126.9503678058
30000-29391-20652-00-1,우성화학,8,37.3689412691,126.9508149506
30000-29391-20653-00-1,G. square,1435,37.3902269308,126.9504803421
30000-29391-20654-00-1,,50,37.3912801896,126.9525891086
30000-29391-20655-00-1,국민은행 평촌범계지점,46,37.3913055842,126.9530046608
30000-29391-20657-00-1,,40,37.3916915262,126.9537768385
30000-29391-20663-00-1,,11,37.3975536488,126.9174938417
30000-29391-20667-00-1,다목적복지회관,3,37.3961157359,126.9176625593
30000-29391-20763-00-1,RAMS MALL,9,37.3938546513,126.9157858785
30000-29391-20772-00-1,서촌별장,7,37.3900293129,126.9138433447
30000-29391-20814-00-1,베아누체,8,37.3928021989,126.9107911059
30000-29391-20819-00-1,,12,37.3994072679,126.9191136031
30000-29391-20911-00-1,,55,37.4056490581,126.9133465647
30000-29391-20923-00-1,힐플러스,8,37.4046256619,126.9135691176
30000-29391-20927-00-1,101,3,37.403908437,126.9135518702
30000-29391-20928-00-1,수자인,7,37.403955389,126.9136873504
30000-29391-20955-00-1,미소지움,8,37.4032422675,126.9143567969
30000-29391-21007-00-1,삼익연립,12,37.4046591043,126.9149560578
30000-29391-21011-00-1,수자인,12,37.4053078807,126.915014057
30000-29391-21072-00-1,라폴리움,8,37.406055993,126.9179408303
30000-29391-21131-00-1,은가람,16,37.4083797732,126.9167229353
30000-29391-21158-00-1,거성,8,37.4015914711,126.9141824868
30000-29391-21173-00-1,럭스하임,6,37.4011023919,126.9156783808
30000-29391-21230-00-1,우수림,5,37.3998601829,126.9173783742
30000-29391-21232-00-1,신호안차랑5차,8,37.4010872757,126.9147025894
30000-29391-21233-00-1,신호안차랑,8,37.4003622495,126.9138676574
30000-29391-21239-00-1,안양월드,233,37.4012915737,126.9131437708
30000-29391-21241-00-1,더클래식,8,37.4014567277,126.9122852261
30000-29391-21279-00-1,베르사체,8,37.396606578,126.9135738095
30000-29391-21300-00-1,미담채,12,37.3919849685,126.9072732654
30000-29391-21307-00-1,동사무소,10,37.3914885512,126.9084889646
30000-29391-21313-00-1,우석펠리스,8,37.3910171185,126.909401977
30000-29391-21351-00-1,다기능 노인복지시설,2,37.3830674554,126.9015888781
30000-29391-21352-00-1,해피플레이스,14,37.3834031005,126.9021484941
30000-29391-21425-00-1,트인마루,3,37.4183698876,126.9214248466
30000-29391-21426-00-1,영산가온누리,8,37.4183269562,126.9219038702
30000-29391-21433-00-1,,13,37.4181189688,126.9235082084
30000-29391-21436-00-1,,12,37.4188434076,126.9235391025
30000-29391-21487-00-1,청년회불교교육원,10,37.422197055,126.9107652837
30000-29391-21488-00-1,가동,2,37.4218615553,126.9103409072
30000-29391-21496-00-1,,12,37.4203789231,126.9085667906
30000-29391-21559-00-1,요사채,1,37.4218203138,126.9234502171
30000-29391-21569-00-1,솔채,12,37.4189909746,126.908075939
30000-29391-21610-00-1,해동2차,6,37.4143691885,126.9110050108
30000-29391-21636-00-1,마인드 house M,8,37.4131187633,126.9065785038
30000-29391-21638-00-1,해맑음,17,37.4132667015,126.9067952015
30000-29391-21681-00-1,,33,37.4115472945,126.9064629807
30000-29391-21696-00-1,세명렉스힐,12,37.4116176456,126.908862091
30000-29391-21769-00-1,패미리월드G7,82,37.4196834096,126.9239313796
30000-29391-21849-00-1,허가번호 183호,17,37.3963869307,126.9437860946
30000-29391-21864-00-1,,11,37.3909808428,126.9303293964
30000-29391-21882-00-1,.,24,37.3836388568,126.9606244084
30000-29391-21912-00-1,신호안차랑,8,37.3878966708,126.931926695
30000-29391-21914-00-1,,50,37.3880878459,126.9322020501
30000-29391-21977-00-1,배드민턴장,147,37.3795854115,126.9642892812
30000-29391-41416-00-1,동편마을,879,37.4119618319,126.9673960525
30000-29391-41743-00-1,SK평촌사랑주유소,4,37.3959247193,126.97148666
30000-29391-42173-00-1,,25,37.4034752158,126.971226286
30000-29391-43567-00-1,영빈악기,6,37.4047249381,126.8899135456
30000-29391-45395-00-1,,200,37.3982274798,126.9173033698
30000-29391-45444-00-1,,152,37.3848268169,126.9272727981
30000-29391-45509-00-1,,11,37.3926159156,126.9414400065
30000-29391-45837-00-1,,21,37.3905975806,126.934485393
30000-29391-46469-00-1,,103,37.3922637711,126.9188276677
30000-29391-46839-00-1,폴리켐,55,37.3957518408,126.9719791125
30000-29391-50433-00-1,M-City VILL,6,37.3936132403,126.9211028726
30000-29391-50985-00-1,,12,37.4104037829,126.9097897906
30000-29391-53278-00-1,래미안안양메가트리아,4933,,
30000-29391-53655-00-1,마드리드,120,,
30000-29391-53823-00-1,비산동  11-1 교정빛군사시설,101,,
30000-29391-54730-00-1,라온하임,8,,
30000-29391-56394-00-1,안양 SK V1 center,437,,
30000-29391-58461-00-1,삼성원시티,24,,
30000-29391-60178-00-1,영원해밀리지,16,,
30000-29391-70365-00-1,다뉴브,8,,
30000-29392-20154-00-1,,12,37.397803767,126.9250647874
30000-29392-20156-00-1,원평노블레스,28,37.3964673394,126.9261593176
30000-29392-20173-00-1,,90,37.3953204151,126.92485043
30000-29392-20182-00-1,,97,37.3958034514,126.9249899845
30000-29392-20185-00-1,,16,37.3959416536,126.9269819861
30000-29392-20223-00-1,세르누비앙3차,31,37.3958528248,126.9233004587
30000-29392-20268-00-1,,19,37.3996376027,126.9240555491
30000-29392-20271-00-1,VON PLAZA,75,37.4005291327,126.9205806166
30000-29392-20274-00-1,,19,37.4001617283,126.9208972347
30000-29392-20276-00-1,더존 아카데미,48,37.3998775111,126.9216564833
30000-29392-20305-00-1,,14,37.3694232393,126.9575927509
30000-29392-20307-00-1,안양시 호계동 웰빙센터,31,37.3698700522,126.9573260695
30000-29392-20315-00-1,,25,37.3993161291,126.9229581149
30000-29392-20320-00-1,,19,37.3998096406,126.9225781351
30000-29392-20323-00-1,,14,37.3984618465,126.9227828079
30000-29392-20328-00-1,,42,37.3975422655,126.9219615811
30000-29392-20329-00-1,,34,37.3971815491,126.9214966633
30000-29392-20438-00-1,안양남부새마을금고,141,37.3727644767,126.9582501963
30000-29392-20542-00-1,,49,37.3711250993,126.9596600453
30000-29392-20562-00-1,,13,37.3952951381,126.9193077481
30000-29392-20679-00-1,,13,37.3970565244,126.9178377083
30000-29392-20822-00-1,PROJECT 240 TOWER,53,37.3999447991,126.9198810111
30000-29392-21371-00-1,,12,37.3991939399,126.918115461
30000-29392-21632-00-1,,24,37.4132215836,126.9090228087
30000-29392-21851-00-1,,96,37.3980331026,126.9714542391
30000-29392-21883-00-1,,25,37.3835055309,126.96070126
30004-29391-00157-00-1,베아르시,28,,
30016-29391-00223-00-1,,14,37.3765513932,126.9555248528
30016-29392-00217-00-1,,52,37.3939370933,126.925877216
30016-29392-00218-00-1,그라하씨티,14,37.3980737515,126.9245585641
30016-29392-00220-00-1,원평 노블레스,39,37.3965324381,126.9265206424
30018-29391-00023-00-1,,30,37.3731308819,126.9549443141
30018-29391-00045-00-1,우리은행 안양중앙지점,13,37.3961662981,126.9231736538
30018-29391-00048-00-1,벽산,133,37.3967606422,126.9226671015
30018-29391-00053-00-1,,37,37.4007708786,126.9209869466
30018-29391-00060-00-1,신탁은행,12,37.3988612854,126.921847276
30018-29392-00036-00-1,,76,37.3709476969,126.9573751332
30018-29392-00059-00-1,,44,37.3991745652,126.9214313392
30019-29391-00068-00-1,,60,37.3842840647,126.9511617441
30019-29391-00077-00-1,.,2,37.3821462118,126.949672687
30019-29391-00105-00-1,,11,37.3971909064,126.9248033885
30019-29391-00128-00-1,,15,37.3728578399,126.9572882496
30057-29391-00001-00-1,안양카센터,2,37.3695280501,126.9584145564
30057-29391-00005-00-1,안양5동사무소,12,37.3943410906,126.9208401106
30057-29391-00008-00-1,만안노인복지회관,8,37.3937288236,126.9214821954
30057-29391-00021-00-1,명성카센타,1,37.3685045148,126.9585009192
30058-29391-00002-00-1,,12,37.3988333114,126.9231573789
30058-29391-00003-00-1,,24,37.3983425238,126.9221911422
30058-29391-00010-00-1,,11,37.3977656888,126.9219161752
30058-29391-00015-00-1,광진신세대 다동,6,37.3687130091,126.9569790167
30058-29391-00017-00-1,,12,37.3674007211,126.9559095661
30058-29391-00026-00-1,안양대우디오슈페리움,278,37.3659381333,126.9577708178
30058-29391-00033-00-1,진명목재,2,37.3742887751,126.9575854959
30058-29391-00050-00-1,,12,37.4031773005,126.919348992
30058-29391-00058-00-1,,17,37.4024191247,126.9174388127
30058-29391-00075-00-1,청와프레미어,5,37.4016912139,126.9176022473
30058-29391-00076-00-1,에버그린,32,37.4019223141,126.9182344697
30058-29391-00081-00-1,가동,5,37.4002930691,126.9179471145
30058-29391-00105-00-1,,38,37.4014396446,126.9186370652
30058-29391-00110-00-1,스위트홈,6,37.371399287,126.9604772675
30058-29391-00117-00-1,윤충선 건물,7,37.3698415975,126.9583872888
30058-29392-00004-00-1,,11,37.3995680871,126.92245641
30058-29392-00007-00-1,PROJECT 500 TOWER,149,37.3997432209,126.9202516648
30058-29392-00031-00-1,온누리베일리,19,37.3988418395,126.9197195553
30058-29392-00106-00-1,교보생명안양영업국,92,37.4011947068,126.9188406237
30058-29392-00114-00-1,,12,37.3711534464,126.9582601208
30059-29391-00001-00-1,,19,37.3701091574,126.9511980289
30059-29391-00002-00-1,동국철강,5,37.3687651669,126.952029787
30066-29391-00017-00-1,,14,37.393464139,126.9140201005
30067-29391-00023-00-1,안양시 율목종합사회복지관 행복나눔센터,2,37.3952644567,126.9166425848
30068-29391-00003-00-1,범계뉴코아,600,37.3891820394,126.9511901855
30068-29392-00005-00-1,,23,37.3910856537,126.9528015316
30068-29392-00007-00-1,THE HUB,17,37.3914356499,126.953813132
30071-29391-00019-00-1,안양동 873-175 (구선회),6,37.4006173046,126.9177570217
30074-29391-00003-00-1,환경미화원복지회관,2,37.4053927421,126.9177969812
30074-29391-00004-00-1,,14,37.4046570116,126.9170839654
30074-29391-00006-00-1,MG안양북부,11,37.4041923352,126.917441385
30075-29391-00006-00-1,안양구분소,4,37.4106457292,126.9153017106
30075-29391-00029-00-1,우림연립,6,37.4039853135,126.915196263
30075-29391-00047-00-1,중앙정형외과,9,37.4078764805,126.9134840585
30075-29391-00067-00-1,,14,37.4052073904,126.9156060126
30076-29391-00013-00-1,베아누체,11,37.4033858025,126.9134937396
30076-29391-00015-00-1,,17,37.403393665,126.9143927667
30076-29391-00044-00-1,임순임씨건물,2,37.4062150066,126.9185686505
30079-29391-00007-00-1,해동3차,6,37.4139974398,126.9103050977
30080-29391-00007-00-1,,14,37.4154614058,126.9112477172
30083-29391-00002-00-1,,14,37.3888421695,126.9072319673
30083-29391-00011-00-1,52사단간부숙소,45,37.3849181259,126.8994094291
30083-29391-00033-00-1,행운아트홀,16,37.3836185988,126.9012494142
30083-29391-00063-00-1,안양8동 다목적 복지회관,4,37.377844644,126.9381139936
30083-29391-00122-00-1,.,4,37.4199518355,126.9266604418
30083-29391-00131-00-1,,13,37.4193160543,126.9301947058
30083-29391-00157-00-1,,16,37.4130667092,126.9091540281
30083-29391-00158-00-1,,12,37.4146622816,126.9078191595
30083-29391-00160-00-1,삼화연립,5,37.4134180903,126.9068176058
30084-29391-00015-00-1,영원 해밀리지,12,37.4129349127,126.906524512
30086-29391-00027-00-1,동신벨로스,77,37.4092432155,126.9097188923
30087-29391-00037-00-1,,16,37.4184388585,126.9118994113
30089-29391-00005-00-1,서광사,3,37.4216792042,126.9172821057
30089-29391-00008-00-1,,34,37.4194150537,126.9065435706
30089-29391-00009-00-1,개성하이뷰 제1동,31,37.4195453624,126.9072573695
30106-29391-00001-00-1,제이앤제이,8,37.394015734,126.9193768777
30128-29391-00027-00-1,다스하임,8,,
30137-29391-00005-00-1,안양동 784-24 노유자시설,3,37.3979015339,126.91507663
30137-29391-00006-00-1,,15,37.3971914353,126.9149464267
30137-29391-00008-00-1,안양 미래엠피아,180,37.4042373572,126.9200210111
30152-29391-00011-00-1,그랜드지오,6,,
31009-29391-00127-00-1,디에스세미콘,64,37.400010485,126.9666377619
31065-29391-00175-00-1,평촌 이편한세상,486,37.3956808568,126.9770746622
31075-29391-00020-00-1,베아누체,24,37.38257863,126.9495007702
31156-29391-00004-00-1,제나시티,22,37.3874749922,126.9319270762
31214-29391-00178-00-1,BMW 삼천리모터스 안양지점,43,,
31261-29391-00054-00-1,주공뜨란채,1115,37.4003631814,126.9258799224
31407-29391-00165-00-1,그라시아,10,,
31436-29391-00083-00-1,프라임벨루체,22,,
31523-29391-00002-00-1,대덕엠티아이,15,37.3909665985,126.9370642928
31529-29391-00031-00-1,안양 국제 유통단지,3342,37.3716052345,126.9521137801
31555-29391-00173-00-1,웰링턴뷰,72,,
31730-29391-00001-00-1,더 퍼스트힐 A,8,,
31758-29391-00026-00-1,SK 석수동주유소,10,37.4200932872,126.907392257
31812-29391-00077-00-1,아르젠뷰,8,37.4054918163,126.9649772636
31911-29391-00032-00-1,주연퍼스티지,22,37.4030438651,126.9624394277
31931-29391-00108-00-1,삼성원시티,22,,
31993-29391-00107-00-1,U-포그니,29,,
32164-29391-00145-00-1,안차랑 THE CLASS C동,12,,
32204-29391-00078-00-1,이룸라테라스,8,,
32288-29391-00052-00-1,석수동 324-19 (변금자),3,,
32525-29391-00014-00-1,,15,37.4191651707,126.8924138551
32533-29391-00010-00-1,퍼스트 프리미엄 A,12,37.4048101639,126.9196634917
32752-29391-00012-00-1,석수동 서조마을,247,,
33198-29391-00005-00-1,,16,37.4140187677,126.9053031952
34016-29391-00009-00-1,베아누체,19,37.4052850391,126.9184024952
34209-29391-00029-00-1,미섬시스텍,38,37.3983996668,126.9673838587
34362-29391-00014-00-1,한마음선원,86,37.4216367534,126.9085788178
34552-29391-00074-00-1,신호안차랑17차,8,,
34893-29391-00021-00-1,,15,37.3830160329,126.9371838517
35011-29391-00092-00-1,아랑,8,,
36044-29391-00083-00-1,원평노블레스12차,60,,
36316-29391-00112-00-1,,14,37.4169292827,126.9176352608
36370-29391-00168-00-1,설원복지재단,28,,
36622-29391-00025-00-1,,12,,
36679-29391-00112-00-1,안양 센트럴 헤센,654,,
36759-29391-00111-00-1,,15,,
37119-29391-00004-00-1,신일해피트리,82,37.4025144377,126.9636323694
37216-29391-00035-00-1,6번길 하이츠,10,37.4095976525,126.9113540343
37327-29391-00010-00-1,일진기계,18,37.3859766509,126.94038374
37522-29391-00036-00-1,M카페,4,,
38125-29391-00152-00-1,석수 코오롱하늘채,726,37.4085849715,126.8980223705
38183-29391-00039-00-1,안양박달119안전센터,6,,
38187-29391-00110-00-1,안차랑 THE CLASS,28,,
38201-29391-00018-00-1,안양우편집중국,158,37.3914224345,126.9569976618
38615-29392-00043-00-1,,18,,
38805-29391-00004-00-1,우석펠리스6차,8,,
38846-29391-00014-00-1,평촌대성유니드,227,,
39060-29391-00040-00-1,신호안차랑20차,20,,
39133-29391-00032-00-1,안양 블루몬테,28,37.4207573208,126.9295833282
39203-29391-00059-00-1,,11,,
39232-29391-00119-00-1,안양복지관,21,37.4206891906,126.9188783341
39302-29392-00061-00-1,원평 노블레스 6차,78,37.3918796749,126.9267058672
39660-29391-00171-00-1,베아누체7차,32,37.3914371687,126.9073010424
39827-29391-00103-00-1,브라운스톤 하나마을,402,37.3994573341,126.8997785075
39842-29391-00031-00-1,어반휴플러스,34,37.3793177606,126.9515036891
39855-29391-00531-00-1,청담밸리체3,23,,
39909-29391-00272-00-1,,85,37.4079543767,126.9218333135
39915-29391-00158-00-1,,270,37.4075915498,126.9507987311
40015-29391-00027-00-1,,54,37.3953758631,126.9562952235
40053-29391-00063-00-1,원평 노블레스 5차,38,37.4039275864,126.9202878906
40141-29391-00057-00-1,로체그랑,8,,
41001-29391-00262-00-1,대흥양행 평촌 주건축물제1동,6,,
41492-29391-00014-00-1,,19,37.4033071674,126.9529384355
41560-29391-00029-00-1,노블리앙비씨 4차,6,,
42186-29391-00047-00-1,평촌디지털엠파이어,425,,
42250-29391-00119-00-1,영원해밀리지6차,6,37.4038984745,126.9535389332
42264-29391-00023-00-1,신호안차랑 7차,8,37.4043386912,126.9154443451
42653-29391-00043-00-1,서정 플레이스 (Seo Jeong Place),8,,
42829-29391-00022-00-1,디스퀘어큐브,100,,
42934-29391-00024-00-1,신호안차랑 6차,8,37.4017928917,126.9136220656
43018-29391-00017-00-1,서진주유소,3,,
44431-29391-00044-00-1,관양스카이뷰,10,,
44900-29391-00128-00-1,,16,37.4193209341,126.9207821938
44962-29391-00058-00-1,청아람,8,37.413764355,126.907165093
44962-29391-00064-00-1,다미안1동,14,37.4126298343,126.9081424511
44962-29391-00072-00-1,다미안2동,14,37.4124497464,126.9082917754
44962-29391-00074-00-1,예다음,12,37.4119045077,126.9069821388
44962-29391-00078-00-1,해든누리,20,37.4122724743,126.9074289957
44962-29391-00080-00-1,펠리체,8,37.4127625185,126.9072883244
44962-29391-00083-00-1,사랑채,8,37.4126220021,126.9073427174
44963-29391-00029-00-1,101,6,37.401312842,126.9176839792
44963-29391-00036-00-1,원평노블레스,8,37.4010871452,126.9145218843
44963-29392-00094-00-1,라움한스2,46,,
44965-29391-00016-00-1,미소지움,11,37.4002040145,126.9143421842
44965-29391-00037-00-1,김광수씨 건물,6,37.4003963869,126.9162348353
44965-29391-00096-00-1,계현하이츠,6,37.3931637308,126.9075609113
44965-29391-00150-00-1,안양동근린시설,2,37.3902922318,126.9087975736
44965-29391-00162-00-1,한빛터,9,37.3827824234,126.9012188949
44965-29391-00163-00-1,해피펠리스,11,37.3826453207,126.9010429303
44965-29391-00168-00-1,묘정사연화회,3,37.3817585895,126.900895052
44965-29391-00171-00-1,창박로 57(이명희),4,37.3839965783,126.9007114425
44965-29391-00177-00-1,병목안배수지,4,37.3831010082,126.9029392832
44965-29391-00227-00-1,안양유원지 음식점,8,37.4179033867,126.9190891965
44965-29391-00245-00-1,대성사,2,37.4171926815,126.9234458901
44967-29391-00018-00-1,해피투게더,5,37.4183244357,126.9083523923
44967-29391-00033-00-1,관악 Lashile,5,37.4177756331,126.9070923624
44967-29391-00035-00-1,,12,37.4170658935,126.9074276149
44967-29391-00038-00-1,휴드림,5,37.4146282997,126.9104986385
44968-29391-00062-00-1,우정식당,6,37.418056281,126.9330516623
44968-29391-00065-00-1,,15,37.4012386921,126.9254318137
44968-29391-00067-00-1,안양1동사무소,20,37.399134226,126.9259398605
44968-29391-00070-00-1,,23,,
44968-29391-00090-00-1,포레스트9,8,37.4239024035,126.9115947562
44968-29391-00130-00-1,삼막마을다목적복지회관,5,37.425234376,126.9144085779
44968-29391-00155-00-1,로체그랑,16,37.4183918261,126.9166214769
44985-29391-00075-00-1,아트리움,11,,
45012-29391-00133-00-1,프라임힐,18,37.3967911794,126.9253187684
45012-29391-00135-00-1,,17,37.3965492556,126.9246097831
45012-29391-00136-00-1,,12,37.3782446845,126.9538663849
45012-29391-00140-00-1,안양시호남향우회 회관,6,37.3774090032,126.9550862739
45013-29391-00189-00-1,유림에이스,11,37.3837655675,126.930530286
45013-29391-00206-00-1,파인힐,6,37.3832271958,126.9282499199
45013-29391-00211-00-1,"수원지방법원 안양,안산지원 독신자숙소",40,37.3821718248,126.9292942362
45013-29391-00214-00-1,안양농협 안일지점,6,37.395155714,126.926580711
46019-29391-00064-00-1,에코하임,15,37.4055189426,126.9501766164
46029-29391-00074-00-1,,22,37.3882125176,126.9738744828
46045-29391-00042-00-1,,41,,
46056-29391-00137-00-1,청명에이스,38,,
46208-29391-00135-00-1,석수마이바움,8,37.4146971523,126.9109955859
46701-29391-00159-00-1,신호안차랑8차,10,37.39254561,126.9098699178
46719-29391-00178-00-1,,12,37.4061064429,126.8873001599
47006-29391-00095-00-1,나린하우징6차,8,,
47023-29391-00063-00-1,감나무집,2,37.4252471456,126.9171561655
47209-29391-00089-00-1,FULL HOUSE,8,37.4030916831,126.9656108661
50331-29391-00027-00-1,정보통신연구동,816,37.3729284093,126.9532870842
50341-29391-00020-00-1,,47,37.3792709397,126.9241438356
50367-29391-00024-00-1,로체그랑,3,,
50508-29391-00092-00-1,,49,37.3861777252,126.9463321237
50509-29391-00072-00-1,,16,37.406657943,126.9180395691
50539-29391-00042-00-1,,27,37.3966491735,126.9716219065
50600-29391-00466-00-1,그랑메종,8,,
50652-29391-00123-00-1,),8,,
50875-29391-00745-00-1,,12,37.4026832775,126.9618794094
50985-29391-00002-00-1,,13,37.3862053164,126.9436627113
51162-29391-00080-00-1,,20,37.3931202844,126.969662792
51735-29391-00014-00-1,삼막뜰,6,,
51791-29391-00031-00-1,,26,37.3871465954,126.9376953205
52003-29391-00026-00-1,최동근차량검사장,6,37.3827619217,126.9483037662
52061-29391-00097-00-1,구외직업훈련장,15,37.3716492353,126.9644646464
52063-29391-00060-00-1,수자인,20,37.4069153747,126.9647958817
52248-29391-00022-00-1,안차랑12차,12,,
52413-29391-00035-00-1,가야에이스9차,12,,
52532-29391-00080-00-1,청담벨리체,12,37.4165451439,126.9098095365
52703-29391-00084-00-1,로체 그랑,6,37.4166536544,126.9103200044
53040-29391-00037-00-1,편안한집,7,,
53057-29391-00017-00-1,풍경채,12,37.3919154385,126.9059408123
53227-29391-00006-00-1,에디스,20,37.4019618363,126.9130119844
53329-29391-00145-00-1,안양퍼스트프리미엄B,11,37.4046732825,126.9197720661
54002-29391-00312-00-1,,56,,
54065-29391-00091-00-1,신호안차랑16차,8,,
54093-29391-00006-00-1,세전사,19,37.3849087102,126.9381849716
54347-29391-00098-00-1,로체그랑,13,,
54509-29391-00010-00-1,이룸렉스힐,28,,
54520-29391-00061-00-1,,11,,
54540-29391-00035-00-1,영원해밀리지7차,14,37.4038691781,126.9523733592
54571-29391-00013-00-1,휴리움,19,,
54601-29391-00031-00-1,예다인,12,37.4017546453,126.9106539996
54803-29391-00026-00-1,평촌자이엘라,428,,
54846-29391-00042-00-1,새안양주유소,3,37.3956553101,126.9754890954
54846-29391-00044-00-1,,39,37.3776972657,126.9549144853
54869-29391-00126-00-1,샤르망,8,,
55003-29391-00017-00-1,좋은집,20,37.411379934,126.9189787389
55072-29391-00101-00-1,미담채,8,,
55126-29391-00092-00-1,,155,37.4049892485,126.8873741191
55319-29391-00224-00-1,넥센타이어 안양  석수점,2,37.4297212278,126.9047094616
55331-29391-00058-00-1,삼성산터널 시점부 전기실,4,,
55364-29391-00077-00-1,,22,37.3827330994,126.927699374
55766-29391-00039-00-1,,28,37.3875599665,126.9083266173
55771-29391-00028-00-1,,36,37.4031521684,126.9630131286
56013-29391-00013-00-1,제이디바움,15,37.4160409315,126.9102800682
56138-29391-00005-00-1,노블리앙비씨,8,37.3952924471,126.9262237122
56189-29391-00068-00-1,그랑뷰Villa,8,,
57126-29391-00011-00-1,세봉자동차공업사,7,37.4010900016,126.9610489721
57346-29391-00009-00-1,,270,37.4082835875,126.9509293024
57907-29391-00015-00-1,덕영,7,,
58132-29391-00054-00-1,꿈에그린,8,37.4039818616,126.9154086037
58160-29391-00014-00-1,호계 금정역 SK V1 center,430,,
58208-29391-00113-00-1,안양본당 부속동,4,,
58242-29391-00054-00-1,스타25,5,,
58557-29391-00004-00-1,마이바움,8,,
58559-29391-00022-00-1,,22,37.405197352,126.9687995264
58604-29391-00047-00-1,골든클래스,8,37.4031087749,126.9525184085
58674-29391-00126-00-1,이화,6,37.3992535475,126.9326121223
58824-29391-00063-00-1,,32,,
58918-29391-00012-00-1,동편마을,1173,37.4130834836,126.9703731608
59049-29391-00036-00-1,.,3,37.379692281,126.9357413927
59227-29391-00053-00-1,만안택시쉼터,1,,
59455-29391-00052-00-1,B&G,18,,
59538-29391-00036-00-1,하늘채,11,,
59619-29391-00202-00-1,관양그랜드지오,24,,
59621-29391-00064-00-1,베아누체,8,,
59715-29391-00019-00-1,동서아리따움,21,37.3912105666,126.9078840194
59747-29391-00030-00-1,신호안차랑 10차,14,,
61075-29391-00044-00-1,꿈에그린5차,10,,
61111-29391-00036-00-1,,11,37.408892824,126.8840158464
61122-29391-00115-00-1,한진주유소,3,37.3946021307,126.9289482859
61492-29391-00028-00-1,GS 금성주유소,6,37.3961215361,126.9661470963
61639-29391-00062-00-1,팰리세이드,20,,
61688-29391-00017-00-1,안양시노인종합복지관,17,,
62415-29392-00100-00-1,카토릭복지센터,39,37.3968709339,126.920503164
63036-29391-00161-00-1,알파돔,71,37.3888869414,126.9304578073
63083-29391-00032-00-1,영원해밀리지5차,8,37.3876142182,126.973784354
63114-29391-00046-00-1,,20,37.3942405888,126.9214590755
63240-29391-00183-00-1,미담채,8,,
63247-29391-00128-00-1,조양위너스,7,,
63300-29391-00061-00-1,,197,,
63336-29391-00077-00-1,햇살마을,8,37.3868962708,126.9284270949
63343-29391-00010-00-1,,13,37.4074055499,126.892941208
63343-29391-00014-00-1,,20,37.3854457683,126.9456190078
63357-29391-00104-00-1,덕천디스퀘어,29,,
63500-29391-00071-00-1,로체그랑,11,,
63537-29391-00081-00-1,,19,,
63556-29391-00038-00-1,벨라지오,8,,
63569-29391-00203-00-1,시그니처,47,,
63615-29391-00050-00-1,,23,37.4188586768,126.8922516204
63624-29391-00181-00-1,안양시노인종합복지관,17,,
63625-29391-00096-00-1,,15,37.4141704847,126.9204442187
63626-29391-00056-00-1,석수2차e-편한세상,238,37.4315556844,126.9046935779
63626-29391-00104-00-1,안양 YMCA 회관,13,,
63632-29391-00064-00-1,신호안차랑9차,8,37.4023079044,126.9131154916
63632-29391-00066-00-1,어반케슬,8,37.4314627474,126.9056518203
63634-29391-00064-00-1,베네치아,13,37.40234084,126.9617259808
10049-29391-00666-00-1,삼성원시티,33,,
10068-29391-00201-00-1,00부대 독신숙소,35,,
10126-29391-00070-00-1,신호안차랑 11차,8,,
10253-29391-00145-00-1,박달1차 한신휴플러스,179,37.4047345511,126.9051657916
10307-29391-00020-00-1,관악역 이안,339,37.4230421367,126.9083150101
10565-29391-00017-00-1,커뮤니티뷰,14,37.4052944915,126.916455277
10802-29391-00129-00-1,아트리움,7,,
10804-29391-00160-00-1,,11,37.4057032175,126.9512969359
10808-29391-00197-00-1,연리지,5,,
10809-29391-00232-00-1,미담채,10,,
10839-29391-00374-00-1,안양 센트럴 헤센 2차,690,,
10846-29391-00330-00-1,아트리움,7,,
10863-29392-00534-00-1,블루오션,72,,
10864-29391-00281-00-1,삼성산터널 종점부 전기실,4,,
10866-29391-00141-00-1,위너스,8,,
