horizon,row_set,parking_id,n,ml_mae,evaluable,passes
15,core,7,653,0.26416539050535986,True,True
15,core,8,1366,1.9619178286576886,True,True
15,core,9,1366,1.3468611948322964,True,True
15,core,10,1366,1.1306661499320387,True,True
15,core,11,1366,2.58467908677454,True,True
15,core,12,1366,0.7397269025160622,True,True
15,core,13,1366,1.5508968409354535,True,True
15,core,14,220,1.0782241014799154,True,True
15,core,16,1366,0.8730905766262669,True,True
15,core,17,1366,0.8129078748593929,True,True
15,core,18,1366,1.565881901837459,True,True
15,core,20,1366,1.2202139615312813,True,True
15,core,21,1366,1.2146061535306125,True,True
15,core,22,349,5.14006451045616,True,True
15,core,23,231,1.7813827882213296,True,True
15,core,24,1366,1.600086180495969,True,True
15,core,25,1366,1.8462249396080548,True,True
15,core,26,1075,2.967411990005651,True,True
15,core,27,1366,1.0523801652834648,True,True
15,core,28,1366,1.807508583357505,True,True
15,core,29,1366,3.214527362401502,True,True
15,core,30,1366,3.768749345111358,True,True
15,core,31,1366,1.5962076514350294,True,True
15,core,33,1366,2.2927257924471074,True,True
15,core,34,1366,1.3986168709746707,True,True
15,core,36,1366,1.3000146178883454,True,True
15,core,37,1366,0.9095083622348541,True,True
15,core,38,1366,1.5232571049948014,True,True
15,core,39,1366,1.3065128736180198,True,True
15,core,40,1366,2.4077799792047907,True,True
15,core,42,1366,1.6090049593393239,True,True
15,core,48,633,7.550471276668494,True,True
15,core,52,216,3.4061279559589708,True,True
15,core,53,652,3.768881528749812,True,True
15,core,56,361,6.74877296751035,True,True
15,core,81,1366,2.2850403755286157,True,True
15,core,82,1366,0.8619762497044211,True,True
15,core,106,1366,0.7148393764533632,True,True
15,core,108,1366,0.9253905369827924,True,True
15,core,112,1366,2.8735963603708945,True,True
15,core,121,1366,0.9139091651625525,True,True
15,core,161,280,6.349895403486802,True,True
15,core,162,277,7.127716212719443,True,True
15,core,163,283,2.245942364117508,True,True
15,core,164,281,4.914644775388974,True,True
15,core,165,283,10.45934064332942,True,False
15,core,166,283,4.839536109983357,True,True
15,core,167,283,9.195408699792322,True,True
15,core,168,283,6.76536036965514,True,True
15,core,169,281,9.66804481044143,True,True
15,core,170,283,7.454403220266095,True,True
15,core,171,283,6.6778512639567,True,True
15,core,172,256,2.175249174912608,True,True
15,core,181,1366,1.637654242283001,True,True
15,core,182,1366,2.2275674545074255,True,True
15,core,183,1366,3.1701268668200937,True,True
15,core,201,1366,1.8124592971156772,True,True
15,core,241,414,8.166976643862771,True,True
15,core,261,414,5.864712021600874,True,True
15,core,262,414,6.87719909200511,True,True
15,core,401,1366,3.071270031618934,True,True
15,core,421,1366,2.060133101240681,True,True
15,core,441,1366,2.2029525914694417,True,True
15,core,461,1366,2.288686147362787,True,True
15,core,521,1366,0.9620368033755016,True,True
15,core,522,1366,0.7446087955369578,True,True
15,all,7,378,0.4166666666666667,True,True
15,all,8,656,2.299524277172186,True,True
15,all,9,656,1.3672611178145562,True,True
15,all,10,656,1.3164656957022496,True,True
15,all,11,656,2.5588088448163906,True,True
15,all,12,656,1.0068160371916874,True,True
15,all,13,656,2.148034266755031,True,True
15,all,14,179,0.8314927893984669,True,True
15,all,16,656,1.0282990639017562,True,True
15,all,17,656,1.0763995581992667,True,True
15,all,18,656,1.8604885939157585,True,True
15,all,20,656,1.1609799003429377,True,True
15,all,21,656,1.3347994904999776,True,True
15,all,22,230,4.991130075885697,True,True
15,all,23,172,1.8133997785160572,True,True
15,all,24,656,1.8862735097951835,True,True
15,all,25,656,2.237371642198747,True,True
15,all,26,607,3.0352262207446246,True,True
15,all,27,656,1.090275000201437,True,True
15,all,28,656,2.0925234731111715,True,True
15,all,29,656,4.1571232795022395,True,True
15,all,30,656,4.3174582040323415,True,True
15,all,31,656,1.5184578156381439,True,True
15,all,33,656,3.1398226565237377,True,True
15,all,34,656,1.5921664328874305,True,True
15,all,36,656,1.6301400589003094,True,True
15,all,37,656,1.0546329285325173,True,True
15,all,38,656,2.014827091904132,True,True
15,all,39,656,1.5314565976282164,True,True
15,all,40,656,2.8846963184863985,True,True
15,all,42,656,1.6356586123522088,True,True
15,all,48,366,7.51066986258456,True,True
15,all,52,175,3.462487147857936,True,True
15,all,53,373,3.9282344432557394,True,True
15,all,56,242,6.898168455166896,True,True
15,all,81,656,2.5373913452297856,True,True
15,all,82,656,0.918644558405113,True,True
15,all,106,656,1.4840387374461979,True,True
15,all,108,647,1.5658286048057048,True,True
15,all,112,656,3.567695670587305,True,True
15,all,121,656,1.1761623203024232,True,True
15,all,161,223,5.9713740878107595,True,True
15,all,162,224,7.324661762341334,True,True
15,all,163,229,2.5715672003881607,True,True
15,all,164,228,4.863592476287901,True,True
15,all,165,227,11.541821154459143,True,False
15,all,166,230,4.881196981639943,True,True
15,all,167,230,10.162731914959641,True,False
15,all,168,224,6.800928330946872,True,True
15,all,169,228,9.290356412658959,True,True
15,all,170,230,7.273559907432331,True,True
15,all,171,230,7.21840324163959,True,True
15,all,172,203,2.576185894721086,True,True
15,all,181,656,1.9340232444240826,True,True
15,all,182,656,2.112369337979094,True,True
15,all,183,656,4.159582467311423,True,True
15,all,201,656,2.567916293533179,True,True
15,all,241,275,8.788108566064981,True,True
15,all,261,273,5.549610262424669,True,True
15,all,262,275,7.148686763141518,True,True
15,all,401,656,3.457535429178134,True,True
15,all,421,656,2.561577356524194,True,True
15,all,441,656,2.81898661038801,True,True
15,all,461,656,3.103801671523943,True,True
15,all,521,656,1.0481183138321677,True,True
15,all,522,656,0.8076061166874363,True,True
30,core,7,610,0.4535743113206158,True,True
30,core,8,1296,2.5461765454348955,True,True
30,core,9,1296,1.925107492663195,True,True
30,core,10,1296,1.7037696074274484,True,True
30,core,11,1296,3.7163860324623235,True,True
30,core,12,1296,1.165972077317392,True,True
30,core,13,1296,2.412258204589895,True,True
30,core,14,201,1.7800633558751358,True,True
30,core,16,1296,1.188413725802132,True,True
30,core,17,1296,1.2867095403053739,True,True
30,core,18,1296,2.213764445135296,True,True
30,core,20,1296,1.8366040186974504,True,True
30,core,21,1296,1.787067326039733,True,True
30,core,22,317,6.469096538806169,True,True
30,core,23,210,2.5214575628508498,True,True
30,core,24,1296,2.266665440534238,True,True
30,core,25,1296,2.818065217513642,True,True
30,core,26,1008,4.453450385359058,True,True
30,core,27,1296,1.482818683597382,True,True
30,core,28,1296,2.5580739860461184,True,True
30,core,29,1296,4.610035221497128,True,True
30,core,30,1296,6.464395531803092,True,True
30,core,31,1296,2.462364975551874,True,True
30,core,33,1296,3.239975660133438,True,True
30,core,34,1296,2.0389951865943847,True,True
30,core,36,1296,1.9551626746126265,True,True
30,core,37,1296,1.2405278828044068,True,True
30,core,38,1296,2.056448552278838,True,True
30,core,39,1296,1.7892436805881138,True,True
30,core,40,1296,3.790775511905039,True,True
30,core,42,1296,2.667837278349201,True,True
30,core,48,590,9.443946007816983,True,True
30,core,52,197,4.240640651093398,True,True
30,core,53,609,4.599506130683965,True,True
30,core,56,327,7.8099996096049225,True,True
30,core,81,1296,3.5626583838604016,True,True
30,core,82,1296,1.2530825590003005,True,True
30,core,106,1296,1.0816751794096149,True,True
30,core,108,1296,1.6337277373252979,True,True
30,core,112,1296,4.08177712762975,True,True
30,core,121,1296,1.628404207387942,True,True
30,core,161,258,8.724173893928818,True,True
30,core,162,252,9.531335596071997,True,True
30,core,163,258,3.7505928047500934,True,True
30,core,164,258,5.726699021859581,True,True
30,core,165,258,15.838601700732763,True,False
30,core,166,258,6.174802608187458,True,True
30,core,167,258,10.312248361814163,True,False
30,core,168,258,9.89537700490526,True,True
30,core,169,256,11.926485683149116,True,False
30,core,170,258,10.141053807985367,True,False
30,core,171,258,8.808538051710133,True,True
30,core,172,234,2.5231569090573753,True,True
30,core,181,1296,2.295262089746519,True,True
30,core,182,1296,3.5518773230948812,True,True
30,core,183,1296,5.016301289161231,True,True
30,core,201,1296,3.0244948839110344,True,True
30,core,241,380,9.884852899869172,True,True
30,core,261,380,7.881892622796151,True,True
30,core,262,380,10.048800093579949,True,False
30,core,401,1296,4.54353672728545,True,True
30,core,421,1296,2.927143367721381,True,True
30,core,441,1296,3.1059481331055747,True,True
30,core,461,1296,3.6714216005665965,True,True
30,core,521,1296,1.4480565977800757,True,True
30,core,522,1296,1.0730131526552926,True,True
30,all,7,357,0.7054627751484072,True,True
30,all,8,620,2.8219361632604043,True,True
30,all,9,620,1.9625044792839144,True,True
30,all,10,620,1.8881310281800692,True,True
30,all,11,620,3.5299364165584453,True,True
30,all,12,620,1.5291047724961542,True,True
30,all,13,620,3.3396963522550838,True,True
30,all,14,167,1.4684962996958886,True,True
30,all,16,620,1.1805112395829342,True,True
30,all,17,620,1.6362452905156004,True,True
30,all,18,620,2.6365461054065134,True,True
30,all,20,620,1.7093938954434766,True,True
30,all,21,620,1.9797009218255344,True,True
30,all,22,212,6.082566723771923,True,True
30,all,23,157,2.595118547419495,True,True
30,all,24,620,2.5908141002996725,True,True
30,all,25,620,3.073118655774197,True,True
30,all,26,571,4.669403755378418,True,True
30,all,27,620,1.3624960448852885,True,True
30,all,28,620,2.776769154179719,True,True
30,all,29,620,5.729326647302697,True,True
30,all,30,620,7.5544457338839,True,True
30,all,31,620,2.1092235634633263,True,True
30,all,33,620,4.433656710118672,True,True
30,all,34,620,2.170146511801532,True,True
30,all,36,620,2.337916456834799,True,True
30,all,37,620,1.3784977613768528,True,True
30,all,38,620,2.6405287926686087,True,True
30,all,39,620,2.032482183626252,True,True
30,all,40,620,4.361776154800288,True,True
30,all,42,620,2.5831502204865564,True,True
30,all,48,345,9.62877555254054,True,True
30,all,52,163,4.3500674290071935,True,True
30,all,53,352,4.712168129241868,True,True
30,all,56,227,7.623635330963606,True,True
30,all,81,620,3.931423976220331,True,True
30,all,82,620,1.3100707747583056,True,True
30,all,106,620,2.2466980018745444,True,True
30,all,108,614,2.787176652711902,True,True
30,all,112,620,4.774260414565868,True,True
30,all,121,620,2.0949456053003908,True,True
30,all,161,208,8.780795296903108,True,True
30,all,162,206,9.906661935407799,True,True
30,all,163,211,4.447624670602417,True,True
30,all,164,212,5.630022175032905,True,True
30,all,165,212,16.827383907954317,True,False
30,all,166,212,6.178754528356914,True,True
30,all,167,212,11.716273839524783,True,False
30,all,168,206,10.153397975730655,True,False
30,all,169,210,11.987861746990573,True,False
30,all,170,212,9.493814111135604,True,True
30,all,171,212,9.519349499309739,True,True
30,all,172,188,3.04373708583822,True,True
30,all,181,620,2.5149328305171,True,True
30,all,182,620,3.6292532791952143,True,True
30,all,183,620,6.3165632727712895,True,True
30,all,201,620,4.199415883998673,True,True
30,all,241,260,10.58192737637615,True,False
30,all,261,258,7.778563025108112,True,True
30,all,262,260,10.888220702693475,True,False
30,all,401,620,5.161344041017084,True,True
30,all,421,620,3.6184902001061428,True,True
30,all,441,620,3.9549426244155534,True,True
30,all,461,620,4.852601453753856,True,True
30,all,521,620,1.547761379579528,True,True
30,all,522,620,1.1921478330565847,True,True
60,core,7,533,0.49761405340420173,True,True
60,core,8,1175,3.4603408078999323,True,True
60,core,9,1175,2.6255441773506933,True,True
60,core,10,1175,2.7491632560788584,True,True
60,core,11,1175,5.2376224394804325,True,True
60,core,12,1175,1.7050266277978332,True,True
60,core,13,1175,3.532195522123608,True,True
60,core,14,171,1.997336895279996,True,True
60,core,16,1175,1.9494698983823833,True,True
60,core,17,1175,1.768546284001541,True,True
60,core,18,1175,3.149282623772738,True,True
60,core,20,1175,2.7434163478356903,True,True
60,core,21,1175,2.5129002685794743,True,True
60,core,22,276,7.221342067905157,True,True
60,core,23,180,3.649843526974141,True,True
60,core,24,1175,3.018964135755403,True,True
60,core,25,1175,4.45903013027667,True,True
60,core,26,893,6.704010546421869,True,True
60,core,27,1175,2.426555562440546,True,True
60,core,28,1175,3.4384537488501037,True,True
60,core,29,1175,6.252657931255033,True,True
60,core,30,1175,10.619155732511732,True,False
60,core,31,1175,3.732233642349029,True,True
60,core,33,1175,4.304119535091336,True,True
60,core,34,1175,2.9463582410038542,True,True
60,core,36,1175,2.585436634088668,True,True
60,core,37,1175,1.8112139860715175,True,True
60,core,38,1175,2.9538637566532735,True,True
60,core,39,1175,2.484130253287415,True,True
60,core,40,1175,5.03395940342992,True,True
60,core,42,1175,4.514213809291902,True,True
60,core,48,513,10.081791040966513,True,False
60,core,52,167,4.633557874782729,True,True
60,core,53,532,5.189565613401544,True,True
60,core,56,269,8.889624821774397,True,True
60,core,81,1175,5.532203668734834,True,True
60,core,82,1175,1.7874424813323144,True,True
60,core,106,1175,1.8515331911384163,True,True
60,core,108,1175,2.8393453224454843,True,True
60,core,112,1175,5.539283706273147,True,True
60,core,121,1175,2.7767429408416735,True,True
60,core,161,228,10.079671892897862,True,False
60,core,162,222,12.043280456442643,True,False
60,core,163,228,4.5362869350659825,True,True
60,core,164,228,6.040350399164892,True,True
60,core,165,228,22.042467726646702,True,False
60,core,166,228,6.620681580539591,True,True
60,core,167,228,12.681628785795056,True,False
60,core,168,228,14.10253620748107,True,False
60,core,169,226,12.802544905449757,True,False
60,core,170,228,10.717071170652925,True,False
60,core,171,228,11.347123762962232,True,False
60,core,172,204,2.938429303628535,True,True
60,core,181,1175,2.9420864749703126,True,True
60,core,182,1175,5.253654166402232,True,True
60,core,183,1175,7.844988826345542,True,True
60,core,201,1175,5.265251936574203,True,True
60,core,241,321,11.649045973736996,True,False
60,core,261,321,9.342348246622027,True,True
60,core,262,321,11.318147247446444,True,False
60,core,401,1175,6.241276694519396,True,True
60,core,421,1175,4.293763037217882,True,True
60,core,441,1175,4.440800540792022,True,True
60,core,461,1175,5.444765693292894,True,True
60,core,521,1175,2.066074589483786,True,True
60,core,522,1175,1.5496259715129612,True,True
60,all,7,315,0.8266508798644682,True,True
60,all,8,557,3.6327908476442308,True,True
60,all,9,557,2.5738737120246467,True,True
60,all,10,557,2.6989790465260106,True,True
60,all,11,557,4.714574586072099,True,True
60,all,12,557,1.9845425600976685,True,True
60,all,13,557,4.796303900927534,True,True
60,all,14,143,1.5874159616232175,True,True
60,all,16,557,1.7116304758279526,True,True
60,all,17,557,2.1350798579124457,True,True
60,all,18,557,3.2762973772606068,True,True
60,all,20,557,2.68860381807965,True,True
60,all,21,557,2.7408166207944387,True,True
60,all,22,188,6.686621726841562,True,True
60,all,23,133,3.5394997947065256,True,True
60,all,24,557,3.4055080238503583,True,True
60,all,25,557,4.880523248829539,True,True
60,all,26,508,6.770641592661982,True,True
60,all,27,557,2.214839432156314,True,True
60,all,28,557,3.5198082216958824,True,True
60,all,29,557,7.613729652106077,True,True
60,all,30,557,12.423682631334529,True,False
60,all,31,557,2.7633961021112214,True,True
60,all,33,557,5.871557677213222,True,True
60,all,34,557,2.7063383165001533,True,True
60,all,36,557,2.882627188620704,True,True
60,all,37,557,2.0964896696138346,True,True
60,all,38,557,3.7573344513997053,True,True
60,all,39,557,2.84906677895689,True,True
60,all,40,557,5.872595092292081,True,True
60,all,42,557,4.4178348723577905,True,True
60,all,48,303,10.242074002151034,True,False
60,all,52,139,4.664689929454439,True,True
60,all,53,310,5.232671776528002,True,True
60,all,56,197,8.595691276084306,True,True
60,all,81,557,5.905404903899761,True,True
60,all,82,557,1.844100532917308,True,True
60,all,106,557,3.8688823871864026,True,True
60,all,108,557,5.080642708395703,True,True
60,all,112,557,5.6002761087751605,True,True
60,all,121,557,3.5569479320309463,True,True
60,all,161,184,10.092495090570104,True,False
60,all,162,182,12.653571022507487,True,False
60,all,163,187,5.2164513609578504,True,True
60,all,164,188,5.854425307934223,True,True
60,all,165,188,25.399240909370274,True,False
60,all,166,188,7.267329847993106,True,True
60,all,167,188,14.289581513857799,True,False
60,all,168,182,13.895773722845416,True,False
60,all,169,186,13.431566443966746,True,False
60,all,170,188,9.973782048826946,True,True
60,all,171,188,12.104405529354166,True,False
60,all,172,164,3.5499520206827935,True,True
60,all,181,557,2.963568370384985,True,True
60,all,182,557,5.733800869055244,True,True
60,all,183,557,9.384097693152349,True,True
60,all,201,557,7.45401656463735,True,True
60,all,241,230,12.162653659238742,True,False
60,all,261,228,9.470181976178084,True,True
60,all,262,230,12.184399155576504,True,False
60,all,401,557,7.025524009722378,True,True
60,all,421,557,5.23686040169951,True,True
60,all,441,557,5.900790663763939,True,True
60,all,461,557,7.032978577497356,True,True
60,all,521,557,2.1334395097065424,True,True
60,all,522,557,1.7229464026009276,True,True
120,core,7,389,0.6649385748615922,True,True
120,core,8,994,3.967185027407725,True,True
120,core,9,994,3.3838646539374255,True,True
120,core,10,994,4.0364598391514575,True,True
120,core,11,994,6.623450809062624,True,True
120,core,12,994,2.5556074365047783,True,True
120,core,13,994,4.8621478900580115,True,True
120,core,14,123,1.8757027973382987,True,True
120,core,16,994,3.0507619529140952,True,True
120,core,17,994,2.1346080858712244,True,True
120,core,18,994,4.360784629126008,True,True
120,core,20,994,3.6485949188114515,True,True
120,core,21,994,3.264856490187422,True,True
120,core,22,204,8.497899924685557,True,True
120,core,23,132,4.954004893720984,True,True
120,core,24,994,4.5314935145205615,True,True
120,core,25,994,6.893398709565423,True,True
120,core,26,733,9.462864700751965,True,True
120,core,27,994,3.4704575510075886,True,True
120,core,28,994,4.6492191287216,True,True
120,core,29,994,7.499659395997517,True,True
120,core,30,994,12.11049003023495,True,False
120,core,31,994,5.520334496830672,True,True
120,core,33,994,5.0196845309670985,True,True
120,core,34,994,3.86994624444843,True,True
120,core,36,994,3.8882882461280186,True,True
120,core,37,994,2.310189948805895,True,True
120,core,38,994,4.044008134638074,True,True
120,core,39,994,3.1348819703592903,True,True
120,core,40,994,6.346489181235568,True,True
120,core,42,994,6.870082270827759,True,True
120,core,48,369,10.91584735055409,True,False
120,core,52,119,4.824368937075541,True,True
120,core,53,388,6.591378283403126,True,True
120,core,56,187,9.139636251486168,True,True
120,core,81,994,7.509497684787976,True,True
120,core,82,994,2.615184901671014,True,True
120,core,106,994,3.2944009170623967,True,True
120,core,108,994,3.5132408085679003,True,True
120,core,112,994,7.739889068602534,True,True
120,core,121,994,4.399318303908534,True,True
120,core,161,180,13.080682477380822,True,False
120,core,162,174,16.233451986541294,True,False
120,core,163,180,5.75144192204233,True,True
120,core,164,180,7.45229116037055,True,True
120,core,165,180,23.29693580171954,True,False
120,core,166,180,7.476094600585778,True,True
120,core,167,180,12.532627074479267,True,False
120,core,168,180,15.02160615297086,True,False
120,core,169,178,14.694578733560892,True,False
120,core,170,180,13.973552050534401,True,False
120,core,171,180,14.606943198800032,True,False
120,core,172,156,4.749867001552698,True,True
120,core,181,994,3.7243917461293385,True,True
120,core,182,994,7.6277146419933,True,True
120,core,183,994,10.925705794919791,True,False
120,core,201,994,9.718652442373614,True,True
120,core,241,214,11.028172235166497,True,False
120,core,261,214,11.05303733868501,True,False
120,core,262,214,11.022396262844948,True,False
120,core,401,994,7.770098035727436,True,True
120,core,421,994,5.43152124657007,True,True
120,core,441,994,6.100714958570131,True,True
120,core,461,994,6.908413419740817,True,True
120,core,521,994,2.6898471425834742,True,True
120,core,522,994,2.047000497986647,True,True
120,all,7,243,1.0445906400567933,True,True
120,all,8,475,3.9523914986936757,True,True
120,all,9,475,3.22641711836284,True,True
120,all,10,475,3.7673248418076457,True,True
120,all,11,475,6.3008479987409585,True,True
120,all,12,475,2.6486628193524786,True,True
120,all,13,475,6.393751550101749,True,True
120,all,14,107,0.6719248090941816,True,True
120,all,16,475,2.4567823681291983,True,True
120,all,17,475,2.5801106818581556,True,True
120,all,18,475,4.1333723938529,True,True
120,all,20,475,3.429605401785257,True,True
120,all,21,475,3.2794918938541664,True,True
120,all,22,152,8.574579129421501,True,True
120,all,23,97,4.1416757299376705,True,True
120,all,24,475,4.940365632586959,True,True
120,all,25,475,7.15846887578513,True,True
120,all,26,426,9.638409239347016,True,True
120,all,27,475,3.177732186115644,True,True
120,all,28,475,4.934608391733554,True,True
120,all,29,475,8.509347877759089,True,True
120,all,30,475,14.139173680534345,True,False
120,all,31,475,4.200518301113319,True,True
120,all,33,475,6.5020795675708625,True,True
120,all,34,475,3.325973232432228,True,True
120,all,36,475,3.4263402199662387,True,True
120,all,37,475,2.639280232989357,True,True
120,all,38,475,4.923907007542188,True,True
120,all,39,475,3.501490033098834,True,True
120,all,40,475,6.828718348291258,True,True
120,all,42,475,8.19267572909677,True,True
120,all,48,231,9.765417601387215,True,True
120,all,52,103,4.654859347482284,True,True
120,all,53,238,5.952837639480602,True,True
120,all,56,155,9.45713156239364,True,True
120,all,81,475,7.6629938136069935,True,True
120,all,82,475,2.697834489922396,True,True
120,all,106,475,6.786244975815479,True,True
120,all,108,475,4.414845289596003,True,True
120,all,112,475,6.695491718402802,True,True
120,all,121,475,5.678049230038886,True,True
120,all,161,148,13.494307107196109,True,False
120,all,162,146,16.931307284371194,True,False
120,all,163,151,6.533468771863812,True,True
120,all,164,152,7.778416774305163,True,True
120,all,165,152,25.766634737983647,True,False
120,all,166,152,8.056384064169857,True,True
120,all,167,152,13.663779386000334,True,False
120,all,168,146,13.678008227491501,True,False
120,all,169,150,15.36253001250813,True,False
120,all,170,152,12.161851263219102,True,False
120,all,171,152,14.269837129676665,True,False
120,all,172,128,5.65236765600692,True,True
120,all,181,475,3.551857849712611,True,True
120,all,182,475,7.963504828596431,True,True
120,all,183,475,12.949849189041997,True,False
120,all,201,475,14.485784825359879,True,False
120,all,241,182,11.877457167789883,True,False
120,all,261,180,11.36861189908888,True,False
120,all,262,182,11.80714212798701,True,False
120,all,401,475,8.279201722233116,True,True
120,all,421,475,6.210269702488724,True,True
120,all,441,475,8.646994509682512,True,True
120,all,461,475,8.053274808530903,True,True
120,all,521,475,2.475314199927321,True,True
120,all,522,475,2.1881988095505593,True,True
180,core,7,282,0.5808189360384688,True,True
180,core,8,843,3.915272671006364,True,True
180,core,9,843,3.609888237604361,True,True
180,core,10,843,4.742727075743931,True,True
180,core,11,843,7.424408772490308,True,True
180,core,12,843,2.888167979854404,True,True
180,core,13,843,5.353141363144684,True,True
180,core,14,86,1.666323975331703,True,True
180,core,16,843,3.0620590499862845,True,True
180,core,17,843,2.4022076218923614,True,True
180,core,18,843,5.713277856832179,True,True
180,core,20,843,3.9135896951134233,True,True
180,core,21,843,3.6394636327681207,True,True
180,core,22,137,8.061733282987804,True,True
180,core,23,86,5.86354384572069,True,True
180,core,24,843,5.091685867379682,True,True
180,core,25,843,8.132245916584168,True,True
180,core,26,594,9.948779963827883,True,True
180,core,27,843,3.9147301495420876,True,True
180,core,28,843,4.973084028501639,True,True
180,core,29,843,7.69499847644961,True,True
180,core,30,843,11.863929223286016,True,False
180,core,31,843,5.146472294747204,True,True
180,core,33,843,5.65243027158482,True,True
180,core,34,843,3.9262315678858353,True,True
180,core,36,843,4.7827872020083175,True,True
180,core,37,843,2.4339560205657107,True,True
180,core,38,843,4.233577935771013,True,True
180,core,39,843,3.445483750787167,True,True
180,core,40,843,7.186301155724138,True,True
180,core,42,843,7.866167830228256,True,True
180,core,48,262,11.53775231107181,True,False
180,core,52,82,7.5670406525609515,True,True
180,core,53,281,7.32595366275898,True,True
180,core,56,137,9.726744349383365,True,True
180,core,81,843,7.852355793631995,True,True
180,core,82,843,3.3467379333443907,True,True
180,core,106,843,4.961320307310546,True,True
180,core,108,843,2.39363907929251,True,True
180,core,112,843,8.261748009852292,True,True
180,core,121,843,4.999376745660743,True,True
180,core,161,134,17.27654947672841,True,False
180,core,162,128,21.49377237335292,True,False
180,core,163,134,6.3670539208031665,True,True
180,core,164,134,7.406719242077735,True,True
180,core,165,134,24.387263130842094,True,False
180,core,166,134,8.493661352718695,True,True
180,core,167,134,11.347456223876893,True,False
180,core,168,134,13.687238506414785,True,False
180,core,169,132,15.746683833913666,True,False
180,core,170,134,12.570338276225822,True,False
180,core,171,134,15.510023505940014,True,False
180,core,172,110,5.88321601581971,True,True
180,core,181,843,4.078466135972732,True,True
180,core,182,843,8.876166591484251,True,True
180,core,183,843,11.808866791841451,True,False
180,core,201,843,12.361789713766571,True,False
180,core,241,158,11.643978899592797,True,False
180,core,261,158,10.42619747446852,True,False
180,core,262,158,12.195340930462374,True,False
180,core,401,843,8.839270178193976,True,True
180,core,421,843,5.828862401083089,True,True
180,core,441,843,6.855274104532266,True,True
180,core,461,843,7.639992152811747,True,True
180,core,521,843,2.9211036232992647,True,True
180,core,522,843,2.2478735796811407,True,True
180,all,7,182,0.6329268181315256,True,True
180,all,8,405,3.841915189887991,True,True
180,all,9,405,2.9799341681339606,True,True
180,all,10,405,4.841921623904999,True,True
180,all,11,405,7.442429322703098,True,True
180,all,12,405,2.808685803711108,True,True
180,all,13,405,6.408544093113709,True,True
180,all,14,82,1.0225250211381558,True,True
180,all,16,405,2.1485398142058436,True,True
180,all,17,405,3.1296752421870315,True,True
180,all,18,405,4.787871344471657,True,True
180,all,20,405,3.395372576525384,True,True
180,all,21,405,2.9483788053215556,True,True
180,all,22,118,8.119958149211609,True,True
180,all,23,63,5.322818677246388,True,True
180,all,24,405,5.93880864493402,True,True
180,all,25,405,8.02251734409721,True,True
180,all,26,356,11.804386041278471,True,False
180,all,27,405,3.625262950727305,True,True
180,all,28,405,5.637280028486929,True,True
180,all,29,405,8.587140164047899,True,True
180,all,30,405,13.140635317190426,True,False
180,all,31,405,4.447258305357468,True,True
180,all,33,405,7.350556140153947,True,True
180,all,34,405,3.4928341560675493,True,True
180,all,36,405,4.091480893134275,True,True
180,all,37,405,2.8486194884452405,True,True
180,all,38,405,4.234632029677482,True,True
180,all,39,405,3.411520082425978,True,True
180,all,40,405,8.041567649457948,True,True
180,all,42,405,8.499260753557476,True,True
180,all,48,170,9.552347754672452,True,True
180,all,52,78,7.182292928952147,True,True
180,all,53,177,6.882145767644785,True,True
180,all,56,130,9.790061095906033,True,True
180,all,81,405,7.7742046568204515,True,True
180,all,82,405,3.064236841973997,True,True
180,all,106,405,9.806066462263287,True,True
180,all,108,405,4.070023361768889,True,True
180,all,112,405,7.267143189591158,True,True
180,all,121,405,5.6467553387283616,True,True
180,all,161,114,17.243561993347704,True,False
180,all,162,112,23.525243637763563,True,False
180,all,163,117,6.865362393962743,True,True
180,all,164,118,7.8154173559845,True,True
180,all,165,118,25.944485111388033,True,False
180,all,166,118,9.08690853639974,True,True
180,all,167,118,12.172676326734333,True,False
180,all,168,112,11.957558073404401,True,False
180,all,169,116,16.668395203339575,True,False
180,all,170,118,11.531555340881466,True,False
180,all,171,118,16.616762958868566,True,False
180,all,172,94,6.623212945796459,True,True
180,all,181,405,4.244688349599585,True,True
180,all,182,405,8.081886892321892,True,True
180,all,183,405,15.008988734248438,True,False
180,all,201,405,21.554619932026075,True,False
180,all,241,151,11.840509977466086,True,False
180,all,261,149,10.221844592027107,True,False
180,all,262,151,12.324368043690283,True,False
180,all,401,405,9.240772350666015,True,True
180,all,421,405,6.708500542846,True,True
180,all,441,405,10.408558618736667,True,False
180,all,461,405,8.962956221394009,True,True
180,all,521,405,2.594685012239529,True,True
180,all,522,405,2.439651519169091,True,True
240,core,7,231,0.6257359743675689,True,True
240,core,8,753,4.066445106831395,True,True
240,core,9,753,4.1554123124798785,True,True
240,core,10,753,4.9777731746075045,True,True
240,core,11,753,8.559543394041775,True,True
240,core,12,753,3.197370776837616,True,True
240,core,13,753,6.358973933828056,True,True
240,core,14,60,1.325526027347514,True,True
240,core,16,753,3.872100330587315,True,True
240,core,17,753,2.3404968911376414,True,True
240,core,18,753,6.102148858217401,True,True
240,core,20,753,4.276407353736131,True,True
240,core,21,753,4.4381918069597175,True,True
240,core,22,99,9.018480371278066,True,True
240,core,23,51,6.482348327349866,True,True
240,core,24,753,5.836930973205067,True,True
240,core,25,753,8.691853624001823,True,True
240,core,26,515,11.076997168912426,True,False
240,core,27,753,3.931090981020067,True,True
240,core,28,753,5.220601875772382,True,True
240,core,29,753,8.451490458799327,True,True
240,core,30,753,11.783669938433576,True,False
240,core,31,753,4.320644137529242,True,True
240,core,33,753,6.5292515889604195,True,True
240,core,34,753,3.688399308215868,True,True
240,core,36,753,7.66404983323867,True,True
240,core,37,753,2.6459132300074812,True,True
240,core,38,753,4.655321277845983,True,True
240,core,39,753,4.045395413302395,True,True
240,core,40,753,8.365661538703469,True,True
240,core,42,753,8.717784716129538,True,True
240,core,48,211,11.159156432577685,True,False
240,core,52,56,9.076985831635776,True,True
240,core,53,230,9.098688244116964,True,True
240,core,56,108,12.27289268741287,True,False
240,core,81,753,8.655204046332527,True,True
240,core,82,753,3.760477616923107,True,True
240,core,106,753,5.988131233076798,True,True
240,core,108,753,2.2497190118126578,True,True
240,core,112,753,8.69930708033181,True,True
240,core,121,753,5.635973975416087,True,True
240,core,161,99,20.448174238518785,True,False
240,core,162,93,24.001095327222252,True,False
240,core,163,99,9.58869092968253,True,True
240,core,164,99,9.228306830623513,True,True
240,core,165,99,31.765187441969353,True,False
240,core,166,99,7.084125050236253,True,True
240,core,167,99,13.667925829735044,True,False
240,core,168,99,16.87304395756316,True,False
240,core,169,97,14.141809966228188,True,False
240,core,170,99,11.768166899327213,True,False
240,core,171,99,14.26733473282797,True,False
240,core,172,75,7.880702496497739,True,True
240,core,181,753,4.1870336293755965,True,True
240,core,182,753,10.62595957012742,True,False
240,core,183,753,11.849773441800437,True,False
240,core,201,753,14.025942875357984,True,False
240,core,241,129,12.6813382553662,True,False
240,core,261,129,11.668133705620926,True,False
240,core,262,129,13.100614506860861,True,False
240,core,401,753,8.706604182991342,True,True
240,core,421,753,6.241575396140292,True,True
240,core,441,753,7.786301998061131,True,True
240,core,461,753,8.237697836310877,True,True
240,core,521,753,2.57523877485682,True,True
240,core,522,753,2.2792337010873847,True,True
240,all,7,149,0.8459123340514308,True,True
240,all,8,374,4.133211121158367,True,True
240,all,9,374,2.69772225684625,True,True
240,all,10,374,5.157789503001095,True,True
240,all,11,374,8.529473342572553,True,True
240,all,12,374,3.1541913338199667,True,True
240,all,13,374,6.642810932692941,True,True
240,all,14,59,1.2951066670835767,True,True
240,all,16,374,2.616574520000745,True,True
240,all,17,374,2.9228166888312406,True,True
240,all,18,374,4.4961543578442456,True,True
240,all,20,374,3.5118865840770366,True,True
240,all,21,374,3.500388853958442,True,True
240,all,22,95,9.205258972586236,True,True
240,all,23,40,5.959211400488702,True,True
240,all,24,374,6.553696071534257,True,True
240,all,25,374,8.323849982255815,True,True
240,all,26,325,12.76166945819135,True,False
240,all,27,374,4.116919214615101,True,True
240,all,28,374,5.954619659011282,True,True
240,all,29,374,9.254595413964909,True,True
240,all,30,374,13.072910574900385,True,False
240,all,31,374,3.812083502460682,True,True
240,all,33,374,8.443111185865646,True,True
240,all,34,374,3.468857133140788,True,True
240,all,36,374,4.9185138308475205,True,True
240,all,37,374,3.007659566671108,True,True
240,all,38,374,4.058809995897035,True,True
240,all,39,374,3.9119826426611124,True,True
240,all,40,374,9.205742067567446,True,True
240,all,42,374,10.486750670942962,True,False
240,all,48,137,10.95706300988941,True,False
240,all,52,55,9.142117758477193,True,True
240,all,53,144,7.691535785780102,True,True
240,all,56,107,12.208016875163109,True,False
240,all,81,374,9.470635729797824,True,True
240,all,82,374,3.5393673030856876,True,True
240,all,106,374,11.253181643094829,True,False
240,all,108,374,3.901356168713807,True,True
240,all,112,374,6.915972888552825,True,True
240,all,121,374,6.7845156785035075,True,True
240,all,161,91,20.07239924889755,True,False
240,all,162,89,24.19572246500735,True,False
240,all,163,94,9.526127983273831,True,True
240,all,164,95,9.308352600970252,True,True
240,all,165,95,32.82583709701132,True,False
240,all,166,95,7.176765131172514,True,True
240,all,167,95,13.63533242221423,True,False
240,all,168,89,16.039521921395583,True,False
240,all,169,93,13.818088000101119,True,False
240,all,170,95,11.84224021161797,True,False
240,all,171,95,14.572229507936692,True,False
240,all,172,71,8.057258942039688,True,True
240,all,181,374,4.249107974956025,True,True
240,all,182,374,8.99131951474353,True,True
240,all,183,374,14.648861511074946,True,False
240,all,201,374,24.439100137335355,True,False
240,all,241,128,12.734972321066866,True,False
240,all,261,126,11.274614797883277,True,False
240,all,262,128,13.19845054293037,True,False
240,all,401,374,9.595696820526085,True,True
240,all,421,374,7.660177396095303,True,True
240,all,441,374,12.758481437982692,True,False
240,all,461,374,9.31854680316495,True,True
240,all,521,374,2.2370378809734164,True,True
240,all,522,374,2.2526223971263675,True,True
360,core,7,159,0.9196991831644087,True,True
360,core,8,628,5.1487519029881765,True,True
360,core,9,628,3.9537524871977388,True,True
360,core,10,628,5.022088285088297,True,True
360,core,11,628,7.758105390508245,True,True
360,core,12,628,3.090256757820488,True,True
360,core,13,628,6.541782555404995,True,True
360,core,14,12,2.457802134782451,False,False
360,core,16,628,4.489606800715919,True,True
360,core,17,628,2.8351626128514154,True,True
360,core,18,628,6.465966393269043,True,True
360,core,20,628,3.9839096334599113,True,True
360,core,21,628,5.834919265254797,True,True
360,core,22,48,14.61107887974949,True,False
360,core,23,12,8.591278246233959,False,False
360,core,24,628,8.269212690916138,True,True
360,core,25,628,9.244212223989381,True,True
360,core,26,413,11.994674798004118,True,False
360,core,27,628,4.41509242473963,True,True
360,core,28,628,5.727525506190251,True,True
360,core,29,628,8.314535034423887,True,True
360,core,30,628,11.366112102160628,True,False
360,core,31,628,4.535923360143457,True,True
360,core,33,628,6.899916877311741,True,True
360,core,34,628,3.205568448128579,True,True
360,core,36,628,9.929659811864118,True,True
360,core,37,628,3.2036268881995023,True,True
360,core,38,628,5.073319370783784,True,True
360,core,39,628,4.795167050515315,True,True
360,core,40,628,9.995455287577402,True,True
360,core,42,628,10.607687699028858,True,False
360,core,48,139,13.1760478121103,True,False
360,core,52,10,16.478187541889007,False,False
360,core,53,158,11.68291307669671,True,False
360,core,56,60,16.579244303862815,True,False
360,core,81,628,10.46873577975913,True,False
360,core,82,628,4.787147970402696,True,True
360,core,106,628,6.1834668431822415,True,True
360,core,108,628,2.5906684109704323,True,True
360,core,112,628,8.948566505798324,True,True
360,core,121,628,8.986518816493058,True,True
360,core,161,48,19.75876741492408,True,False
360,core,162,42,30.18184198700512,True,False
360,core,163,48,18.80015494604273,True,False
360,core,164,48,9.348223348653356,True,True
360,core,165,48,30.303363531308253,True,False
360,core,166,48,6.386871451285344,True,True
360,core,167,48,15.903175058828976,True,False
360,core,168,48,19.2161700690428,True,False
360,core,169,46,12.270250176072599,True,False
360,core,170,48,12.171054736952925,True,False
360,core,171,48,10.197572448739995,True,False
360,core,172,24,9.634646152926775,False,False
360,core,181,628,4.670671617390471,True,True
360,core,182,628,13.71639999872607,True,False
360,core,183,628,13.710699898821128,True,False
360,core,201,628,15.951143133424733,True,False
360,core,241,81,15.531838484318266,True,False
360,core,261,81,15.535481571873937,True,False
360,core,262,81,15.31807423254965,True,False
360,core,401,628,10.340227842200362,True,False
360,core,421,628,7.521958812612589,True,True
360,core,441,628,7.782533531908021,True,True
360,core,461,628,9.20751606049516,True,True
360,core,521,628,2.9323339038002323,True,True
360,core,522,628,2.648538713194591,True,True
360,all,7,102,1.1538095243783384,True,True
360,all,8,327,4.9894841818170805,True,True
360,all,9,327,3.183683492680988,True,True
360,all,10,327,5.199334979722545,True,True
360,all,11,327,8.005933418295514,True,True
360,all,12,327,3.159691641354755,True,True
360,all,13,327,6.653351533799136,True,True
360,all,14,12,2.457802134782451,False,False
360,all,16,327,3.564973701081928,True,True
360,all,17,327,3.003710273174248,True,True
360,all,18,327,4.4063067897772,True,True
360,all,20,327,3.2417633343255883,True,True
360,all,21,327,4.138957252347726,True,True
360,all,22,48,14.61107887974949,True,False
360,all,23,5,2.6277754704550107,False,False
360,all,24,327,9.50205477995985,True,True
360,all,25,327,7.568369634890894,True,True
360,all,26,278,14.173062468504556,True,False
360,all,27,327,4.611152970930694,True,True
360,all,28,327,6.005538819071603,True,True
360,all,29,327,11.172355049457586,True,False
360,all,30,327,12.861978774710586,True,False
360,all,31,327,4.609140058496919,True,True
360,all,33,327,9.323867639597939,True,True
360,all,34,327,3.294747180540215,True,True
360,all,36,327,5.645900926093609,True,True
360,all,37,327,3.790502052049341,True,True
360,all,38,327,4.329636219309195,True,True
360,all,39,327,3.5927205870135186,True,True
360,all,40,327,10.72714303919645,True,False
360,all,42,327,13.77544592488935,True,False
360,all,48,90,13.533386446579428,True,False
360,all,52,10,16.478187541889007,False,False
360,all,53,97,9.20371178942777,True,True
360,all,56,60,16.579244303862815,True,False
360,all,81,327,10.339369987911546,True,False
360,all,82,327,4.158107243794348,True,True
360,all,106,327,11.06279597748166,True,False
360,all,108,327,4.557968370258434,True,True
360,all,112,327,7.484970080227398,True,True
360,all,121,327,10.154541858380293,True,False
360,all,161,44,19.67234338224075,True,False
360,all,162,42,30.18184198700512,True,False
360,all,163,47,17.862679568393027,True,False
360,all,164,48,9.348223348653356,True,True
360,all,165,48,30.303363531308253,True,False
360,all,166,48,6.386871451285344,True,True
360,all,167,48,15.903175058828976,True,False
360,all,168,42,18.58200265055286,True,False
360,all,169,46,12.270250176072599,True,False
360,all,170,48,12.171054736952925,True,False
360,all,171,48,10.197572448739995,True,False
360,all,172,24,9.634646152926775,False,False
360,all,181,327,5.172727379486645,True,True
360,all,182,327,10.439289058966752,True,False
360,all,183,327,15.726899103907739,True,False
360,all,201,327,25.768634652428855,True,False
360,all,241,81,15.531838484318266,True,False
360,all,261,79,15.13587076058385,True,False
360,all,262,81,15.31807423254965,True,False
360,all,401,327,12.994362682355023,True,False
360,all,421,327,9.346041763960022,True,True
360,all,441,327,12.230021399436506,True,False
360,all,461,327,9.368038354937944,True,True
360,all,521,327,2.8901970883666723,True,True
360,all,522,327,2.7672329900840507,True,True
720,core,8,370,3.899413384455407,True,True
720,core,9,370,8.076506140599323,True,True
720,core,10,370,3.4920964768621983,True,True
720,core,11,370,10.939592737553175,True,False
720,core,12,370,3.1595798597901137,True,True
720,core,13,370,7.892359885614791,True,True
720,core,16,370,6.428494954259766,True,True
720,core,17,370,2.720403389490634,True,True
720,core,18,370,6.746275405672411,True,True
720,core,20,370,5.971684116980927,True,True
720,core,21,370,8.309540085373364,True,True
720,core,24,370,12.690123158488511,True,False
720,core,25,370,8.203533206860534,True,True
720,core,26,233,7.780590079158808,True,True
720,core,27,370,5.97198920639405,True,True
720,core,28,370,5.6072220786163065,True,True
720,core,29,370,13.39192740896476,True,False
720,core,30,370,8.434101158250595,True,True
720,core,31,370,9.1917835950978,True,True
720,core,33,370,8.351140160117184,True,True
720,core,34,370,3.214586623264053,True,True
720,core,36,370,9.880170241964985,True,True
720,core,37,370,5.427738087742592,True,True
720,core,38,370,5.592038122028937,True,True
720,core,39,370,6.786325564128857,True,True
720,core,40,370,14.001825123180605,True,False
720,core,42,370,15.79659020279303,True,False
720,core,81,370,12.953221184111747,True,False
720,core,82,370,6.565564894362148,True,True
720,core,106,370,4.9063354081645025,True,True
720,core,108,370,3.843928328846456,True,True
720,core,112,370,7.414925408348016,True,True
720,core,121,370,11.207025276638044,True,False
720,core,181,370,6.273771739377156,True,True
720,core,182,370,22.242171911408455,True,False
720,core,183,370,17.534911560553244,True,False
720,core,201,370,22.42644710483536,True,False
720,core,401,370,9.523078315990949,True,True
720,core,421,370,10.627654097488234,True,False
720,core,441,370,7.675562240785861,True,True
720,core,461,370,9.773626089035655,True,True
720,core,521,370,2.8972610708184834,True,True
720,core,522,370,3.0305925698302025,True,True
720,all,8,210,5.47525779325425,True,True
720,all,9,210,10.418525897953483,True,False
720,all,10,210,3.6559355286327246,True,True
720,all,11,210,11.948062843484323,True,False
720,all,12,210,3.3453337063511293,True,True
720,all,13,210,8.017444455297673,True,True
720,all,16,210,9.886965491382112,True,True
720,all,17,210,3.2504377067654375,True,True
720,all,18,210,5.084640805383164,True,True
720,all,20,210,8.425647309236636,True,True
720,all,21,210,6.8741363369175925,True,True
720,all,24,210,15.90909064979679,True,False
720,all,25,210,8.622479796459716,True,True
720,all,26,161,9.605129022878376,True,True
720,all,27,210,7.862882467575322,True,True
720,all,28,210,6.090564663302938,True,True
720,all,29,210,14.843936688434534,True,False
720,all,30,210,10.986202454211096,True,False
720,all,31,210,13.80503015713142,True,False
720,all,33,210,12.631167927198561,True,False
720,all,34,210,3.76092377111893,True,True
720,all,36,210,7.569973201028857,True,True
720,all,37,210,7.196570659747715,True,True
720,all,38,210,6.214572407402128,True,True
720,all,39,210,5.14837557226207,True,True
720,all,40,210,16.67820864307235,True,False
720,all,42,210,23.823300782766523,True,False
720,all,81,210,12.107310602928823,True,False
720,all,82,210,5.435165417553417,True,True
720,all,106,210,7.340476657638528,True,True
720,all,108,210,6.613193604989725,True,True
720,all,112,210,5.180155914338015,True,True
720,all,121,210,9.70432060933263,True,True
720,all,181,210,7.139589591452453,True,True
720,all,182,210,17.178933616000304,True,False
720,all,183,210,17.92468466260714,True,False
720,all,201,210,37.23730387615904,True,False
720,all,401,210,9.480567671052407,True,True
720,all,421,210,15.730482512926736,True,False
720,all,441,210,10.784321676864778,True,False
720,all,461,210,9.822926287237195,True,True
720,all,521,210,3.185580218833566,True,True
720,all,522,210,2.6895818365034714,True,True
1440,core,8,60,5.555544767060942,True,True
1440,core,9,60,15.562534794686364,True,False
1440,core,10,60,3.8563920711835715,True,True
1440,core,11,60,9.437951875424393,True,True
1440,core,12,60,3.462797719543106,True,True
1440,core,13,60,8.232167102137998,True,True
1440,core,16,60,15.24166398787455,True,False
1440,core,17,60,6.437982745769401,True,True
1440,core,18,60,2.404362400544839,True,True
1440,core,20,60,8.599610571260888,True,True
1440,core,21,60,9.88661860770517,True,True
1440,core,24,60,3.213492710606853,True,True
1440,core,25,60,9.07656101894176,True,True
1440,core,26,49,13.598942825004805,True,False
1440,core,27,60,9.1942527148971,True,True
1440,core,28,60,6.046148885123587,True,True
1440,core,29,60,21.051738068987397,True,False
1440,core,30,60,10.279063804149578,True,False
1440,core,31,60,10.749880863018786,True,False
1440,core,33,60,11.184137970708317,True,False
1440,core,34,60,2.1175810009130003,True,True
1440,core,36,60,7.406392274827467,True,True
1440,core,37,60,4.726480296252778,True,True
1440,core,38,60,6.235096542873813,True,True
1440,core,39,60,6.00901532141963,True,True
1440,core,40,60,9.085882932159077,True,True
1440,core,42,60,29.05684695771711,True,False
1440,core,81,60,10.661436061694015,True,False
1440,core,82,60,3.5760798573280974,True,True
1440,core,106,60,31.029411764705888,True,False
1440,core,108,60,52.33893557422968,True,False
1440,core,112,60,16.217708356687485,True,False
1440,core,121,60,2.1336393319188858,True,True
1440,core,181,60,4.006959545086627,True,True
1440,core,182,60,0.30946554784480523,True,True
1440,core,183,60,13.195926728261481,True,False
1440,core,201,60,26.08336657637459,True,False
1440,core,401,60,14.039368313855935,True,False
1440,core,421,60,16.40118472628885,True,False
1440,core,441,60,11.837262402602754,True,False
1440,core,461,60,10.637740590033069,True,False
1440,core,521,60,2.295654916209924,True,True
1440,core,522,60,1.6846888169648433,True,True
1440,all,8,60,5.555544767060942,True,True
1440,all,9,60,15.562534794686364,True,False
1440,all,10,60,3.8563920711835715,True,True
1440,all,11,60,9.437951875424393,True,True
1440,all,12,60,3.462797719543106,True,True
1440,all,13,60,8.232167102137998,True,True
1440,all,16,60,15.24166398787455,True,False
1440,all,17,60,6.437982745769401,True,True
1440,all,18,60,2.404362400544839,True,True
1440,all,20,60,8.599610571260888,True,True
1440,all,21,60,9.88661860770517,True,True
1440,all,24,60,3.213492710606853,True,True
1440,all,25,60,9.07656101894176,True,True
1440,all,26,49,13.598942825004805,True,False
1440,all,27,60,9.1942527148971,True,True
1440,all,28,60,6.046148885123587,True,True
1440,all,29,60,21.051738068987397,True,False
1440,all,30,60,10.279063804149578,True,False
1440,all,31,60,10.749880863018786,True,False
1440,all,33,60,11.184137970708317,True,False
1440,all,34,60,2.1175810009130003,True,True
1440,all,36,60,7.406392274827467,True,True
1440,all,37,60,4.726480296252778,True,True
1440,all,38,60,6.235096542873813,True,True
1440,all,39,60,6.00901532141963,True,True
1440,all,40,60,9.085882932159077,True,True
1440,all,42,60,29.05684695771711,True,False
1440,all,81,60,10.661436061694015,True,False
1440,all,82,60,3.5760798573280974,True,True
1440,all,106,60,31.029411764705888,True,False
1440,all,108,60,52.33893557422968,True,False
1440,all,112,60,16.217708356687485,True,False
1440,all,121,60,2.1336393319188858,True,True
1440,all,181,60,4.006959545086627,True,True
1440,all,182,60,0.30946554784480523,True,True
1440,all,183,60,13.195926728261481,True,False
1440,all,201,60,26.08336657637459,True,False
1440,all,401,60,14.039368313855935,True,False
1440,all,421,60,16.40118472628885,True,False
1440,all,441,60,11.837262402602754,True,False
1440,all,461,60,10.637740590033069,True,False
1440,all,521,60,2.295654916209924,True,True
1440,all,522,60,1.6846888169648433,True,True
