horizon,row_set,weekday_group,method,n,n_lots,mae,rmse
15,core,all,ml,66360,66,2.1740951665807144,4.662742683587501
15,core,all,m1,66360,66,2.153059176768558,4.615706530841298
15,core,all,persistence,66360,66,2.269107331506767,4.780790092580326
15,core,all,lag_24h,66360,66,10.41184993845489,16.589474726652284
15,core,weekday,ml,46657,66,2.375606845160926,5.021094220015368
15,core,weekday,m1,46657,66,2.3448859317837267,4.958444475046086
15,core,weekday,persistence,46657,66,2.476190546320498,5.135294114453488
15,core,weekday,lag_24h,46657,66,9.913712987617437,16.011600143415755
15,core,weekend,ml,19703,51,1.6969124843741012,3.6774503900912405
15,core,weekend,m1,19703,51,1.6988105390614707,3.6788970461989767
15,core,weekend,persistence,19703,51,1.7787311677974698,3.812045418918886
15,core,weekend,lag_24h,19703,51,11.591445721595694,17.883581694342205
15,all,all,ml,33794,66,2.6776774614421206,5.451934683493492
15,all,all,m1,33794,66,2.6336556907871085,5.371134427061848
15,all,all,persistence,33794,66,2.7755895612742014,5.552506894560796
15,all,all,lag_24h,33794,66,10.821569022012165,17.211533004923417
15,all,all,lag_7d,33794,66,8.930572794601376,14.139778808559624
15,all,all,seasonal_naive,33794,66,8.370511867612056,13.29666912985616
15,all,weekday,ml,33794,66,2.6776774614421206,5.451934683493492
15,all,weekday,m1,33794,66,2.6336556907871085,5.371134427061848
15,all,weekday,persistence,33794,66,2.7755895612742014,5.552506894560796
15,all,weekday,lag_24h,33794,66,10.821569022012165,17.211533004923417
15,all,weekday,lag_7d,33794,66,8.930572794601376,14.139778808559624
15,all,weekday,seasonal_naive,33794,66,8.370511867612056,13.29666912985616
15,all,weekend,ml,0,0,,
15,all,weekend,m1,0,0,,
15,all,weekend,persistence,0,0,,
15,all,weekend,lag_24h,0,0,,
15,all,weekend,lag_7d,0,0,,
15,all,weekend,seasonal_naive,0,0,,
30,core,all,ml,62705,66,3.116012614757583,6.223026261000463
30,core,all,m1,62705,66,3.102322229669121,6.093709680695557
30,core,all,persistence,62705,66,3.5279682682334115,6.840555263384452
30,core,all,lag_24h,62705,66,10.400620220660667,16.555261356224708
30,core,weekday,ml,44110,66,3.337411304729716,6.580984010125268
30,core,weekday,m1,44110,66,3.318723835248838,6.421185161648667
30,core,weekday,persistence,44110,66,3.794530144498005,7.231841752919766
30,core,weekday,lag_24h,44110,66,9.923665926425342,16.02736607951308
30,core,weekend,ml,18595,51,2.5908232512367007,5.277672326747385
30,core,weekend,m1,18595,51,2.5889866651560105,5.235598677003302
30,core,weekend,persistence,18595,51,2.8956453662688384,5.807871635490804
30,core,weekend,lag_24h,18595,51,11.532024034520319,17.74480344577922
30,all,all,ml,31864,66,3.7730020327148353,7.1775044815470395
30,all,all,m1,31864,66,3.750770121606581,7.0212168106643675
30,all,all,persistence,31864,66,4.270421763936404,7.827768309641236
30,all,all,lag_24h,31864,66,10.869582375802777,17.26573837000293
30,all,all,lag_7d,31864,66,8.94821051059174,14.184955595957105
30,all,all,seasonal_naive,31864,66,8.380632170033623,13.325725719928627
30,all,weekday,ml,31864,66,3.7730020327148353,7.1775044815470395
30,all,weekday,m1,31864,66,3.750770121606581,7.0212168106643675
30,all,weekday,persistence,31864,66,4.270421763936404,7.827768309641236
30,all,weekday,lag_24h,31864,66,10.869582375802777,17.26573837000293
30,all,weekday,lag_7d,31864,66,8.94821051059174,14.184955595957105
30,all,weekday,seasonal_naive,31864,66,8.380632170033623,13.325725719928627
30,all,weekend,ml,0,0,,
30,all,weekend,m1,0,0,,
30,all,weekend,persistence,0,0,,
30,all,weekend,lag_24h,0,0,,
30,all,weekend,lag_7d,0,0,,
30,all,weekend,seasonal_naive,0,0,,
60,core,all,ml,56551,66,4.324214450158777,8.030193204435994
60,core,all,m1,56551,66,4.366253893278132,7.815363408083121
60,core,all,persistence,56551,66,5.594286057692494,10.099682256146831
60,core,all,lag_24h,56551,66,10.382249440302703,16.48200806290216
60,core,weekday,ml,40076,66,4.495376582425666,8.254622665673525
60,core,weekday,m1,40076,66,4.5518073578508496,8.030131502732432
60,core,weekday,persistence,40076,66,5.934876402717998,10.540848486079165
60,core,weekday,lag_24h,40076,66,9.965376861414445,16.076427293361334
60,core,weekend,ml,16475,51,3.907856719492446,7.456111283814002
60,core,weekend,m1,16475,51,3.914888755419784,7.26648001704427
60,core,weekend,persistence,16475,51,4.76578841476429,8.936059340865718
60,core,weekend,lag_24h,16475,51,11.396306221578927,17.429239404755805
60,all,all,ml,28531,66,5.115134712231126,9.126014748509316
60,all,all,m1,28531,66,5.150579133972858,8.847183666020353
60,all,all,persistence,28531,66,6.753149273632213,11.499577817679258
60,all,all,lag_24h,28531,66,10.987060737650015,17.39061258797869
60,all,all,lag_7d,28531,66,8.991033125556871,14.271484703047632
60,all,all,seasonal_naive,28531,66,8.396229384363847,13.37288930971632
60,all,weekday,ml,28531,66,5.115134712231126,9.126014748509316
60,all,weekday,m1,28531,66,5.150579133972858,8.847183666020353
60,all,weekday,persistence,28531,66,6.753149273632213,11.499577817679258
60,all,weekday,lag_24h,28531,66,10.987060737650015,17.39061258797869
60,all,weekday,lag_7d,28531,66,8.991033125556871,14.271484703047632
60,all,weekday,seasonal_naive,28531,66,8.396229384363847,13.37288930971632
60,all,weekend,ml,0,0,,
60,all,weekend,m1,0,0,,
60,all,weekend,persistence,0,0,,
60,all,weekend,lag_24h,0,0,,
60,all,weekend,lag_7d,0,0,,
60,all,weekend,seasonal_naive,0,0,,
120,core,all,ml,47162,66,5.621049284883119,9.660598125394484
120,core,all,m1,47162,66,5.641085580759791,9.345441144724116
120,core,all,persistence,47162,66,8.774545334409412,14.719603440035542
120,core,all,lag_24h,47162,66,10.207800954177255,16.174885542198368
120,core,weekday,ml,34109,66,5.677906590099216,9.666507030404398
120,core,weekday,m1,34109,66,5.815709576665919,9.530995662464797
120,core,weekday,persistence,34109,66,9.206294918477994,15.220802579685605
120,core,weekday,lag_24h,34109,66,9.981086773386794,16.12800838447487
120,core,weekend,ml,13053,51,5.472474564618362,9.645140383636635
120,core,weekend,m1,13053,51,5.184772865187731,8.842202762441222
120,core,weekend,persistence,13053,51,7.646333692411774,13.321187411400295
120,core,weekend,lag_24h,13053,51,10.800231352750902,16.296744444653825
120,all,all,ml,24027,66,6.398299443625391,10.577170727312835
120,all,all,m1,24027,66,6.546742639815095,10.489224326373977
120,all,all,persistence,24027,66,10.510916718738669,16.580759382302976
120,all,all,lag_24h,24027,66,11.09859973986373,17.551092464641805
120,all,all,lag_7d,24027,66,9.069183946195718,14.451792448411691
120,all,all,seasonal_naive,24027,66,8.471139505145896,13.5032830842072
120,all,weekday,ml,24027,66,6.398299443625391,10.577170727312835
120,all,weekday,m1,24027,66,6.546742639815095,10.489224326373977
120,all,weekday,persistence,24027,66,10.510916718738669,16.580759382302976
120,all,weekday,lag_24h,24027,66,11.09859973986373,17.551092464641805
120,all,weekday,lag_7d,24027,66,9.069183946195718,14.451792448411691
120,all,weekday,seasonal_naive,24027,66,8.471139505145896,13.5032830842072
120,all,weekend,ml,0,0,,
120,all,weekend,m1,0,0,,
120,all,weekend,persistence,0,0,,
120,all,weekend,lag_24h,0,0,,
120,all,weekend,lag_7d,0,0,,
120,all,weekend,seasonal_naive,0,0,,
180,core,all,ml,39403,66,6.106641743197042,10.06362872641628
180,core,all,m1,39403,66,6.298348600240352,10.13794663015408
180,core,all,persistence,39403,66,11.254258515326079,18.113230860262465
180,core,all,lag_24h,39403,66,10.020087505576322,15.929092629742359
180,core,weekday,ml,28931,66,6.1441145289166865,10.120572268445663
180,core,weekday,m1,28931,66,6.496062299304685,10.437360681985249
180,core,weekday,persistence,28931,66,11.782701201296737,18.702494749888984
180,core,weekday,lag_24h,28931,66,9.963794100204083,16.121471985821945
180,core,weekend,ml,10472,51,6.003115658050458,9.904609327944149
180,core,weekend,m1,10472,51,5.752124858106073,9.260574788591661
180,core,weekend,persistence,10472,51,9.794329624205258,16.375427198711293
180,core,weekend,lag_24h,10472,51,10.175609326701634,15.385107994306408
180,all,all,ml,20190,66,6.991592323093641,11.225010745086303
180,all,all,m1,20190,66,7.438751205498569,11.629063195171009
180,all,all,persistence,20190,66,13.427296343926013,20.316127929720206
180,all,all,lag_24h,20190,66,11.288366276344632,17.77751749507113
180,all,all,lag_7d,20190,66,9.059240817717745,14.470157286742136
180,all,all,seasonal_naive,20190,66,8.52739461865242,13.648637064959335
180,all,weekday,ml,20190,66,6.991592323093641,11.225010745086303
180,all,weekday,m1,20190,66,7.438751205498569,11.629063195171009
180,all,weekday,persistence,20190,66,13.427296343926013,20.316127929720206
180,all,weekday,lag_24h,20190,66,11.288366276344632,17.77751749507113
180,all,weekday,lag_7d,20190,66,9.059240817717745,14.470157286742136
180,all,weekday,seasonal_naive,20190,66,8.52739461865242,13.648637064959335
180,all,weekend,ml,0,0,,
180,all,weekend,m1,0,0,,
180,all,weekend,persistence,0,0,,
180,all,weekend,lag_24h,0,0,,
180,all,weekend,lag_7d,0,0,,
180,all,weekend,seasonal_naive,0,0,,
240,core,all,ml,34730,66,6.63307265934969,10.72660498533282
240,core,all,m1,34730,66,6.792727226034791,10.880958926171516
240,core,all,persistence,34730,66,13.799905329276125,21.373641715848827
240,core,all,lag_24h,34730,66,9.96386392885049,15.93986566054167
240,core,weekday,ml,25855,66,6.691250512840594,10.895969404359144
240,core,weekday,m1,25855,66,7.0813377554362456,11.448770083808666
240,core,weekday,persistence,25855,66,14.65351866227255,22.277009270199034
240,core,weekday,lag_24h,25855,66,9.996185125285335,16.265504299842746
240,core,weekend,ml,8875,46,6.463586642222104,10.217215651383832
240,core,weekend,m1,8875,46,5.951935649958779,9.0254142569836
240,core,weekend,persistence,8875,46,11.313125303966554,18.49205255592646
240,core,weekend,lag_24h,8875,46,9.869704544757768,14.950828200847129
240,all,all,ml,18298,66,7.513092161634109,11.996152454306438
240,all,all,m1,18298,66,8.089545089619566,12.6852530127624
240,all,all,persistence,18298,66,16.416755927386518,23.93455599078548
240,all,all,lag_24h,18298,66,11.473461242607845,18.077804291029626
240,all,all,lag_7d,18298,66,8.977403143883976,14.353061467523283
240,all,all,seasonal_naive,18298,66,8.484209618374857,13.639650282324789
240,all,weekday,ml,18298,66,7.513092161634109,11.996152454306438
240,all,weekday,m1,18298,66,8.089545089619566,12.6852530127624
240,all,weekday,persistence,18298,66,16.416755927386518,23.93455599078548
240,all,weekday,lag_24h,18298,66,11.473461242607845,18.077804291029626
240,all,weekday,lag_7d,18298,66,8.977403143883976,14.353061467523283
240,all,weekday,seasonal_naive,18298,66,8.484209618374857,13.639650282324789
240,all,weekend,ml,0,0,,
240,all,weekend,m1,0,0,,
240,all,weekend,persistence,0,0,,
240,all,weekend,lag_24h,0,0,,
240,all,weekend,lag_7d,0,0,,
240,all,weekend,seasonal_naive,0,0,,
360,core,all,ml,28174,66,7.320808780807085,11.343488795648563
360,core,all,m1,28174,66,7.214922887019319,11.225641945225691
360,core,all,persistence,28174,66,18.938947777462033,27.26180798358021
360,core,all,lag_24h,28174,66,10.224861467979911,16.482594613709633
360,core,weekday,ml,21541,66,7.437990963936713,11.690331885697903
360,core,weekday,m1,21541,66,7.3796003195182704,11.66844245897819
360,core,weekday,persistence,21541,66,20.334551043672725,28.583331090255317
360,core,weekday,lag_24h,21541,66,10.253002822491109,16.851135123202713
360,core,weekend,ml,6633,46,6.940253766967898,10.135564383571557
360,core,weekend,m1,6633,46,6.6801246700044095,9.64846918408813
360,core,weekend,persistence,6633,46,14.406656211436918,22.43958313301096
360,core,weekend,lag_24h,6633,46,10.133471008530842,15.224333312224644
360,all,all,ml,15210,66,8.107048156860161,12.679879681521033
360,all,all,m1,15210,66,8.352224338358521,12.93982861586495
360,all,all,persistence,15210,66,22.135806155548675,30.358617966922427
360,all,all,lag_24h,15210,66,11.974900977303266,18.865569573442148
360,all,all,lag_7d,15210,66,8.746322293465283,13.972424501818338
360,all,all,seasonal_naive,15210,66,8.338918562140647,13.535302287515817
360,all,weekday,ml,15210,66,8.107048156860161,12.679879681521033
360,all,weekday,m1,15210,66,8.352224338358521,12.93982861586495
360,all,weekday,persistence,15210,66,22.135806155548675,30.358617966922427
360,all,weekday,lag_24h,15210,66,11.974900977303266,18.865569573442148
360,all,weekday,lag_7d,15210,66,8.746322293465283,13.972424501818338
360,all,weekday,seasonal_naive,15210,66,8.338918562140647,13.535302287515817
360,all,weekend,ml,0,0,,
360,all,weekend,m1,0,0,,
360,all,weekend,persistence,0,0,,
360,all,weekend,lag_24h,0,0,,
360,all,weekend,lag_7d,0,0,,
360,all,weekend,seasonal_naive,0,0,,
720,core,all,ml,15773,43,8.538003613215341,13.519872474620458
720,core,all,m1,15773,43,7.144068558585042,11.323722112495567
720,core,all,persistence,15773,43,31.360567361530354,39.53413729185325
720,core,all,lag_24h,15773,43,10.56934733893822,17.567583037929225
720,core,weekday,ml,14382,43,8.594946007138853,13.670593178858027
720,core,weekday,m1,14382,43,7.15847461141319,11.40807444882587
720,core,weekday,persistence,14382,43,32.119889831977154,40.23977917266629
720,core,weekday,lag_24h,14382,43,10.409951285419313,17.458542972702606
720,core,weekend,ml,1391,43,7.949257740168649,11.849670179210994
720,core,weekend,m1,1391,43,6.995119707561021,10.411591305945265
720,core,weekend,persistence,1391,43,23.50968614660169,31.319780806356018
720,core,weekend,lag_24h,1391,43,12.217394816802292,18.657664614277206
720,all,all,ml,8981,43,9.877884521982677,15.523666871405151
720,all,all,m1,8981,43,8.40502493436262,12.987595489823434
720,all,all,persistence,8981,43,31.95357806427972,40.22561125402761
720,all,all,lag_24h,8981,43,13.169605913546105,20.576786394347895
720,all,all,lag_7d,8981,43,7.5859407364619145,11.86926364412696
720,all,all,seasonal_naive,8981,43,7.784815534478583,12.828099379132906
720,all,weekday,ml,8981,43,9.877884521982677,15.523666871405151
720,all,weekday,m1,8981,43,8.40502493436262,12.987595489823434
720,all,weekday,persistence,8981,43,31.95357806427972,40.22561125402761
720,all,weekday,lag_24h,8981,43,13.169605913546105,20.576786394347895
720,all,weekday,lag_7d,8981,43,7.5859407364619145,11.86926364412696
720,all,weekday,seasonal_naive,8981,43,7.784815534478583,12.828099379132906
720,all,weekend,ml,0,0,,
720,all,weekend,m1,0,0,,
720,all,weekend,persistence,0,0,,
720,all,weekend,lag_24h,0,0,,
720,all,weekend,lag_7d,0,0,,
720,all,weekend,seasonal_naive,0,0,,
1440,core,all,ml,2569,43,10.782362719103816,15.50387757341985
1440,core,all,m1,2569,43,10.235560369399558,14.636917547147961
1440,core,all,persistence,2569,43,22.2564592359505,28.981662013842833
1440,core,all,lag_24h,2569,43,22.2564592359505,28.981662013842833
1440,core,weekday,ml,2569,43,10.782362719103816,15.50387757341985
1440,core,weekday,m1,2569,43,10.235560369399558,14.636917547147961
1440,core,weekday,persistence,2569,43,22.2564592359505,28.981662013842833
1440,core,weekday,lag_24h,2569,43,22.2564592359505,28.981662013842833
1440,core,weekend,ml,0,0,,
1440,core,weekend,m1,0,0,,
1440,core,weekend,persistence,0,0,,
1440,core,weekend,lag_24h,0,0,,
1440,all,all,ml,2569,43,10.782362719103816,15.50387757341985
1440,all,all,m1,2569,43,10.235560369399558,14.636917547147961
1440,all,all,persistence,2569,43,22.2564592359505,28.981662013842833
1440,all,all,lag_24h,2569,43,22.2564592359505,28.981662013842833
1440,all,all,lag_7d,2569,43,7.774278413251751,10.482762808233435
1440,all,all,seasonal_naive,2569,43,9.268564692681407,13.30552334984616
1440,all,weekday,ml,2569,43,10.782362719103816,15.50387757341985
1440,all,weekday,m1,2569,43,10.235560369399558,14.636917547147961
1440,all,weekday,persistence,2569,43,22.2564592359505,28.981662013842833
1440,all,weekday,lag_24h,2569,43,22.2564592359505,28.981662013842833
1440,all,weekday,lag_7d,2569,43,7.774278413251751,10.482762808233435
1440,all,weekday,seasonal_naive,2569,43,9.268564692681407,13.30552334984616
1440,all,weekend,ml,0,0,,
1440,all,weekend,m1,0,0,,
1440,all,weekend,persistence,0,0,,
1440,all,weekend,lag_24h,0,0,,
1440,all,weekend,lag_7d,0,0,,
1440,all,weekend,seasonal_naive,0,0,,
