horizon,fold,test_date,train_n,test_n,constant_extras,tgt_lag_24h_train_null_rate,tgt_lag_7d_train_null_rate,tgt_lag_24h_delta_train_null_rate,tow_sin_train_null_rate,tow_cos_train_null_rate,tgt_day_of_week_train_null_rate,tgt_is_holiday_train_null_rate
15,1,2026-09-11,136428,10109,tgt_is_holiday,0.11558477731843902,0.7117453895094848,0.11558477731843902,0.0,0.0,0.0,0.0
15,2,2026-09-12,149979,8369,tgt_is_holiday,0.10692830329579474,0.6474839810906861,0.10692830329579474,0.0,0.0,0.0,0.0
15,3,2026-09-13,160088,11964,tgt_is_holiday,0.10044475538453851,0.6066288541302284,0.10044475538453851,0.0,0.0,0.0,0.0
15,4,2026-09-14,168457,10670,tgt_is_holiday,0.09681402375680441,0.5767940780139739,0.09681402375680441,0.0,0.0,0.0,0.0
15,5,2026-09-15,180421,8882,tgt_is_holiday,0.09261671313206334,0.5385681267701653,0.09261671313206334,0.0,0.0,0.0,0.0
15,6,2026-09-16,191091,12240,tgt_is_holiday,0.09564553014009032,0.5084959521903177,0.09564553014009032,0.0,0.0,0.0,0.0
15,7,2026-09-17,199973,8424,tgt_is_holiday,0.09836327904267075,0.4860006100823611,0.09836327904267075,0.0,0.0,0.0,0.0
30,1,2026-09-11,134976,9498,tgt_is_holiday,0.11391654812707444,0.712111782835467,0.11391654812707444,0.0,0.0,0.0,0.0
30,2,2026-09-12,148200,7399,tgt_is_holiday,0.10556005398110661,0.6486167341430499,0.10556005398110661,0.0,0.0,0.0,0.0
30,3,2026-09-13,157698,11826,tgt_is_holiday,0.09947494578244492,0.6095828735938312,0.09947494578244492,0.0,0.0,0.0,0.0
30,4,2026-09-14,165097,10403,tgt_is_holiday,0.09640393223377772,0.5825726694004131,0.09640393223377772,0.0,0.0,0.0,0.0
30,5,2026-09-15,176923,8255,tgt_is_holiday,0.09222656183763558,0.5436545841976453,0.09222656183763558,0.0,0.0,0.0,0.0
30,6,2026-09-16,187326,11784,tgt_is_holiday,0.09482933495617266,0.5134631604795917,0.09482933495617266,0.0,0.0,0.0,0.0
30,7,2026-09-17,195581,7589,tgt_is_holiday,0.09794918729324423,0.49186781947121655,0.09794918729324423,0.0,0.0,0.0,0.0
60,1,2026-09-11,132078,8803,tgt_is_holiday,0.11046502824088796,0.7128817819773164,0.11046502824088796,0.0,0.0,0.0,0.0
60,2,2026-09-12,144648,5461,tgt_is_holiday,0.10271832310159837,0.6509803108235164,0.10271832310159837,0.0,0.0,0.0,0.0
60,3,2026-09-13,153451,11550,tgt_is_holiday,0.09710591654665007,0.6136682067891379,0.09710591654665007,0.0,0.0,0.0,0.0
60,4,2026-09-14,158912,9875,tgt_is_holiday,0.09461840515505437,0.5929004732178816,0.09461840515505437,0.0,0.0,0.0,0.0
60,5,2026-09-15,170462,7458,tgt_is_holiday,0.09055977285260058,0.5527507597001091,0.09055977285260058,0.0,0.0,0.0,0.0
60,6,2026-09-16,180337,10872,tgt_is_holiday,0.09232714307102813,0.5224829070018909,0.09232714307102813,0.0,0.0,0.0,0.0
60,7,2026-09-17,187795,5981,tgt_is_holiday,0.09607817034532336,0.5017811975824702,0.09607817034532336,0.0,0.0,0.0,0.0
120,1,2026-09-11,126400,7426,tgt_is_holiday,0.10300632911392404,0.7147943037974683,0.10300632911392404,0.0,0.0,0.0,0.0
120,2,2026-09-12,137662,2507,tgt_is_holiday,0.09652627449840914,0.6563684967529165,0.09652627449840914,0.0,0.0,0.0,0.0
120,3,2026-09-13,145088,10998,tgt_is_holiday,0.09188216806352006,0.622808226731363,0.09188216806352006,0.0,0.0,0.0,0.0
120,4,2026-09-14,147595,8837,tgt_is_holiday,0.09066702801585419,0.6122294115654324,0.09066702801585419,0.0,0.0,0.0,0.0
120,5,2026-09-15,158593,6666,tgt_is_holiday,0.08690799720038085,0.569798162592296,0.08690799720038085,0.0,0.0,0.0,0.0
120,6,2026-09-16,167430,9650,tgt_is_holiday,0.08687809830974139,0.5397240637878516,0.08687809830974139,0.0,0.0,0.0,0.0
120,7,2026-09-17,174096,3907,tgt_is_holiday,0.09155293631100082,0.5191101461262752,0.09155293631100082,0.0,0.0,0.0,0.0
180,1,2026-09-11,121384,6085,tgt_is_holiday,0.0944935082053648,0.7141797930534503,0.0944935082053648,0.0,0.0,0.0,0.0
180,2,2026-09-12,131338,841,tgt_is_holiday,0.08806286071053313,0.6601059860817128,0.08806286071053313,0.0,0.0,0.0,0.0
180,3,2026-09-13,137423,10026,tgt_is_holiday,0.08447639769179832,0.6308769274430045,0.08447639769179832,0.0,0.0,0.0,0.0
180,4,2026-09-14,138264,7889,tgt_is_holiday,0.08396256436961176,0.6270395764624197,0.08396256436961176,0.0,0.0,0.0,0.0
180,5,2026-09-15,148290,5874,tgt_is_holiday,0.08094949086249915,0.5846719266302516,0.08094949086249915,0.0,0.0,0.0,0.0
180,6,2026-09-16,156179,8858,tgt_is_holiday,0.07944089794402577,0.5551386550048342,0.07944089794402577,0.0,0.0,0.0,0.0
180,7,2026-09-17,162053,2110,tgt_is_holiday,0.08434277674587944,0.5350718592065559,0.08434277674587944,0.0,0.0,0.0,0.0
240,1,2026-09-11,116387,4858,tgt_is_holiday,0.08525007088420528,0.7135590744670797,0.08525007088420528,0.0,0.0,0.0,0.0
240,2,2026-09-12,125033,172,tgt_is_holiday,0.08012284756824198,0.6642726320251454,0.08012284756824198,0.0,0.0,0.0,0.0
240,3,2026-09-13,129891,8970,tgt_is_holiday,0.07712620581872492,0.6394284438490735,0.07712620581872492,0.0,0.0,0.0,0.0
240,4,2026-09-14,130063,7394,tgt_is_holiday,0.07702421134373343,0.6385828406233902,0.07702421134373343,0.0,0.0,0.0,0.0
240,5,2026-09-15,139033,5082,tgt_is_holiday,0.07397524328756483,0.5974121251789144,0.07397524328756483,0.0,0.0,0.0,0.0
240,6,2026-09-16,146427,8066,tgt_is_holiday,0.07155784110853873,0.5672451118987618,0.07155784110853873,0.0,0.0,0.0,0.0
240,7,2026-09-17,151509,1978,tgt_is_holiday,0.07704492802407778,0.5482776600729989,0.07704492802407778,0.0,0.0,0.0,0.0
360,1,2026-09-11,106595,3698,tgt_is_holiday,0.07116656503588348,0.7125943993620714,0.07116656503588348,0.0,0.0,0.0,0.0
360,2,2026-09-12,112625,0,tgt_is_holiday,0.06820865704772475,0.674503884572697,0.06820865704772475,0.0,0.0,0.0,0.0
360,3,2026-09-13,116323,6858,tgt_is_holiday,0.06604024999355243,0.6530608736019532,0.06604024999355243,0.0,0.0,0.0,0.0
360,4,2026-09-14,116323,7353,tgt_is_holiday,0.06604024999355243,0.6530608736019532,0.06604024999355243,0.0,0.0,0.0,0.0
360,5,2026-09-15,123181,3512,tgt_is_holiday,0.06419009425154854,0.6167347236992718,0.06419009425154854,0.0,0.0,0.0,0.0
360,6,2026-09-16,130534,6482,tgt_is_holiday,0.06173870409242037,0.5819939632586146,0.06173870409242037,0.0,0.0,0.0,0.0
360,7,2026-09-17,134046,1978,tgt_is_holiday,0.06903600256628321,0.5668128851289855,0.06903600256628321,0.0,0.0,0.0,0.0
720,1,2026-09-11,84784,2795,tgt_is_holiday,0.03398046801283261,0.7054632949613134,0.03398046801283261,0.0,0.0,0.0,0.0
720,2,2026-09-12,85343,0,tgt_is_holiday,0.03426174378683665,0.700842482687508,0.03426174378683665,0.0,0.0,0.0,0.0
720,3,2026-09-13,88138,1408,tgt_is_holiday,0.03317524790669178,0.6786176223649277,0.03317524790669178,0.0,0.0,0.0,0.0
720,4,2026-09-14,88138,7353,tgt_is_holiday,0.03317524790669178,0.6786176223649277,0.03317524790669178,0.0,0.0,0.0,0.0
720,5,2026-09-15,89546,0,tgt_is_holiday,0.03284345476068166,0.6679472003216224,0.03284345476068166,0.0,0.0,0.0,0.0
720,6,2026-09-16,96899,2537,tgt_is_holiday,0.031919834054015,0.6172612720461511,0.031919834054015,0.0,0.0,0.0,0.0
720,7,2026-09-17,96899,1978,tgt_is_holiday,0.031919834054015,0.6172612720461511,0.031919834054015,0.0,0.0,0.0,0.0
1440,1,2026-09-11,64600,0,"tgt_is_holiday,tgt_lag_24h_delta",0.0,0.6622910216718266,0.0,0.0,0.0,0.0,0.0
1440,2,2026-09-12,64600,0,"tgt_is_holiday,tgt_lag_24h_delta",0.0,0.6622910216718266,0.0,0.0,0.0,0.0,0.0
1440,3,2026-09-13,64600,0,"tgt_is_holiday,tgt_lag_24h_delta",0.0,0.6622910216718266,0.0,0.0,0.0,0.0,0.0
1440,4,2026-09-14,64600,2569,"tgt_is_holiday,tgt_lag_24h_delta",0.0,0.6622910216718266,0.0,0.0,0.0,0.0,0.0
1440,5,2026-09-15,64600,0,"tgt_is_holiday,tgt_lag_24h_delta",0.0,0.6622910216718266,0.0,0.0,0.0,0.0,0.0
1440,6,2026-09-16,67169,0,"tgt_is_holiday,tgt_lag_24h_delta",0.0,0.6369605026128125,0.0,0.0,0.0,0.0,0.0
1440,7,2026-09-17,67169,0,"tgt_is_holiday,tgt_lag_24h_delta",0.0,0.6369605026128125,0.0,0.0,0.0,0.0,0.0
