horizon,row_set,model,test_date,is_weekend,n,ml_mae,strongest_baseline,strongest_mae,ml_better
15,core,ml,2026-09-11,False,10066,1.8651649356765292,persistence,2.0015585843074692,True
15,core,ml,2026-09-12,True,8140,1.869206155219129,persistence,1.956379550617088,True
15,core,ml,2026-09-13,True,11563,1.5756229850505235,persistence,1.6536721142515305,True
15,core,ml,2026-09-14,False,9103,1.7368309875732546,persistence,1.8620213288512693,True
15,core,ml,2026-09-15,False,7489,3.263164387862688,persistence,3.3196922151747468,True
15,core,ml,2026-09-16,False,11704,2.8737649747461753,persistence,2.9232151385049896,True
15,core,ml,2026-09-17,False,8295,2.191824290191818,persistence,2.3338720280888885,True
15,all,ml,2026-09-14,False,6583,2.255953992344644,persistence,2.4319914850321616,True
15,all,ml,2026-09-15,False,7405,3.25051506747903,persistence,3.306254684201381,True
15,all,ml,2026-09-16,False,11514,2.899708219432594,persistence,2.9482533679194964,True
15,all,ml,2026-09-17,False,8292,2.1926172801665618,persistence,2.334716410154044,True
30,core,ml,2026-09-11,False,9455,2.574981258002557,persistence,3.019686932713406,True
30,core,ml,2026-09-12,True,7170,2.857919341345382,persistence,3.193689642543687,True
30,core,ml,2026-09-13,True,11425,2.4232014598949725,persistence,2.708601387197445,True
30,core,ml,2026-09-14,False,8956,2.527838835310303,persistence,3.0718346289630656,True
30,core,ml,2026-09-15,False,6862,4.609411918743911,persistence,4.93950674606517,True
30,core,ml,2026-09-16,False,11377,4.04379098331745,persistence,4.49068391987028,True
30,core,ml,2026-09-17,False,7460,3.0283439201811264,persistence,3.5293334504216043,True
30,all,ml,2026-09-14,False,6436,3.2724983212535212,persistence,4.032782205262126,True
30,all,ml,2026-09-15,False,6781,4.587570277770347,persistence,4.91609756255603,True
30,all,ml,2026-09-16,False,11187,4.0637684702535015,persistence,4.50995331198399,True
30,all,ml,2026-09-17,False,7460,3.0283439201811264,persistence,3.5293334504216043,True
60,core,ml,2026-09-11,False,8760,3.453619075718596,persistence,4.6566208206608835,True
60,core,ml,2026-09-12,True,5326,4.381901249924602,persistence,5.327612595639355,True
60,core,ml,2026-09-13,True,11149,3.681400430221509,persistence,4.497398820420349,True
60,core,ml,2026-09-14,False,8662,3.5438742494489612,persistence,5.076978648826691,True
60,core,ml,2026-09-15,False,6065,6.444099366246272,persistence,7.717792965715466,True
60,core,ml,2026-09-16,False,10694,5.398456841387211,persistence,6.982653263146716,True
60,core,ml,2026-09-17,False,5895,3.798373188666786,persistence,5.359866147081434,True
60,all,ml,2026-09-14,False,6142,4.590519897463328,persistence,6.748815839765173,True
60,all,ml,2026-09-15,False,5990,6.405387733992996,persistence,7.678202808080232,True
60,all,ml,2026-09-16,False,10504,5.425100227593083,persistence,7.01009418133257,True
60,all,ml,2026-09-17,False,5895,3.798373188666786,persistence,5.359866147081434,True
120,core,ml,2026-09-11,False,7383,4.592401520742779,lag_24h,6.976168497575905,True
120,core,ml,2026-09-12,True,2456,6.775918316728958,persistence,8.842156513178564,True
120,core,ml,2026-09-13,True,10597,5.1703836091419415,persistence,7.369185362903116,True
120,core,ml,2026-09-14,False,8074,4.590095339591089,persistence,8.277373741907724,True
120,core,ml,2026-09-15,False,5273,7.031833776587021,lag_24h,9.564950892298185,True
120,core,ml,2026-09-16,False,9558,7.169715076970942,lag_24h,9.404360483651406,True
120,core,ml,2026-09-17,False,3821,4.473852256623964,lag_24h,6.900704818727457,True
120,all,ml,2026-09-14,False,5554,5.881436145523433,lag_7d,7.437646714061617,True
120,all,ml,2026-09-15,False,5198,7.009308288585348,seasonal_naive,9.307273990024347,True
120,all,ml,2026-09-16,False,9454,7.143798436970944,seasonal_naive,8.74000338445425,True
120,all,ml,2026-09-17,False,3821,4.473852256623964,seasonal_naive,6.867917284544343,True
180,core,ml,2026-09-11,False,6042,4.636746019739888,lag_24h,6.301991262407269,True
180,core,ml,2026-09-12,True,841,7.695199240688264,persistence,12.2822482204403,True
180,core,ml,2026-09-13,True,9631,5.855359216040449,persistence,9.577079126911762,True
180,core,ml,2026-09-14,False,7486,5.168692988794911,persistence,11.185996074084388,True
180,core,ml,2026-09-15,False,4613,7.408345866704763,lag_24h,9.494727134348084,True
180,core,ml,2026-09-16,False,8766,7.7702455431969275,lag_24h,9.487120133437122,True
180,core,ml,2026-09-17,False,2024,4.327396420913149,lag_24h,5.645355091227158,True
180,all,ml,2026-09-14,False,4966,6.3834749960574415,lag_7d,7.416669244050946,True
180,all,ml,2026-09-15,False,4538,7.381366389044851,seasonal_naive,9.34811665870177,True
180,all,ml,2026-09-16,False,8662,7.758557047266871,seasonal_naive,8.767048166573499,True
180,all,ml,2026-09-17,False,2024,4.327396420913149,lag_24h,5.645355091227158,True
240,core,ml,2026-09-11,False,4858,4.739828931295121,lag_24h,5.400615852382147,True
240,core,ml,2026-09-12,True,172,10.049343555225317,persistence,17.095438683184465,True
240,core,ml,2026-09-13,True,8703,6.392720252582147,lag_24h,9.703502667916812,True
240,core,ml,2026-09-14,False,7201,5.935746311238687,persistence,14.332465563943355,True
240,core,ml,2026-09-15,False,3887,7.861637077467805,lag_24h,9.624065576563822,True
240,core,ml,2026-09-16,False,8017,8.240620860102517,lag_24h,9.56801427651723,True
240,core,ml,2026-09-17,False,1892,5.607633783548016,lag_24h,5.554811215797134,False
240,all,ml,2026-09-14,False,4681,6.790930572626726,lag_7d,7.355447297657679,True
240,all,ml,2026-09-15,False,3812,7.841113987724823,seasonal_naive,9.329697006069072,True
240,all,ml,2026-09-16,False,7913,8.237867398386879,seasonal_naive,8.718825345286081,True
240,all,ml,2026-09-17,False,1892,5.607633783548016,lag_24h,5.554811215797134,False
360,core,ml,2026-09-11,False,3698,5.329223395136755,lag_24h,4.617069525598374,False
360,core,ml,2026-09-13,True,6633,6.940253766967898,lag_24h,10.133471008530842,True
360,core,ml,2026-09-14,False,7201,7.131169383928536,lag_24h,14.940974646875356,True
360,core,ml,2026-09-15,False,2317,8.810673464885173,lag_24h,9.71391905528122,True
360,core,ml,2026-09-16,False,6433,8.920989211846836,lag_24h,9.821109745079118,True
360,core,ml,2026-09-17,False,1892,6.004064739601471,lag_24h,5.554811215797134,False
360,all,ml,2026-09-14,False,4681,7.52908159430063,lag_7d,7.355447297657679,False
360,all,ml,2026-09-15,False,2308,8.734910143815359,seasonal_naive,8.813176294448603,True
360,all,ml,2026-09-16,False,6329,8.934224746985304,seasonal_naive,8.8176556786116,False
360,all,ml,2026-09-17,False,1892,6.004064739601471,lag_24h,5.554811215797134,False
720,core,ml,2026-09-11,False,2795,5.744856939584876,lag_24h,3.647919330536123,False
720,core,ml,2026-09-13,True,1391,7.949257740168649,lag_24h,12.217394816802292,True
720,core,ml,2026-09-14,False,7201,10.366746894015185,lag_24h,14.940974646875356,True
720,core,ml,2026-09-16,False,2494,8.483147196415517,lag_24h,8.588742424063545,True
720,core,ml,2026-09-17,False,1892,6.209156890521996,lag_24h,5.554811215797134,False
720,all,ml,2026-09-14,False,4681,12.038977562338884,lag_7d,7.355447297657679,False
720,all,ml,2026-09-16,False,2408,8.559427776474454,seasonal_naive,7.985145623967227,False
720,all,ml,2026-09-17,False,1892,6.209156890521996,lag_24h,5.554811215797134,False
1440,core,ml,2026-09-14,False,2569,10.782362719103816,persistence,22.2564592359505,True
1440,all,ml,2026-09-14,False,2569,10.782362719103816,lag_7d,7.774278413251751,False
15,core,m1,2026-09-11,False,10066,1.8713992008803095,persistence,2.0015585843074692,True
15,core,m1,2026-09-12,True,8140,1.8759477452435411,persistence,1.956379550617088,True
15,core,m1,2026-09-13,True,11563,1.5741113383071637,persistence,1.6536721142515305,True
15,core,m1,2026-09-14,False,9103,1.719316122154511,persistence,1.8620213288512693,True
15,core,m1,2026-09-15,False,7489,3.2099864407053573,persistence,3.3196922151747468,True
15,core,m1,2026-09-16,False,11704,2.8006697776907066,persistence,2.9232151385049896,True
15,core,m1,2026-09-17,False,8295,2.181829580550351,persistence,2.3338720280888885,True
15,all,m1,2026-09-14,False,6583,2.2316907593840583,persistence,2.4319914850321616,True
15,all,m1,2026-09-15,False,7405,3.1975203718544076,persistence,3.306254684201381,True
15,all,m1,2026-09-16,False,11514,2.82567046955809,persistence,2.9482533679194964,True
15,all,m1,2026-09-17,False,8292,2.1826015443030093,persistence,2.334716410154044,True
30,core,m1,2026-09-11,False,9455,2.5476662070132647,persistence,3.019686932713406,True
30,core,m1,2026-09-12,True,7170,2.8469243102040647,persistence,3.193689642543687,True
30,core,m1,2026-09-13,True,11425,2.4271124494015646,persistence,2.708601387197445,True
30,core,m1,2026-09-14,False,8956,2.604412119526388,persistence,3.0718346289630656,True
30,core,m1,2026-09-15,False,6862,4.538329551379524,persistence,4.93950674606517,True
30,core,m1,2026-09-16,False,11377,4.0185323110829305,persistence,4.49068391987028,True
30,core,m1,2026-09-17,False,7460,2.9644436941395016,persistence,3.5293334504216043,True
30,all,m1,2026-09-14,False,6436,3.361030702722752,persistence,4.032782205262126,True
30,all,m1,2026-09-15,False,6781,4.514724902097908,persistence,4.91609756255603,True
30,all,m1,2026-09-16,False,11187,4.03627836173611,persistence,4.50995331198399,True
30,all,m1,2026-09-17,False,7460,2.9644436941395016,persistence,3.5293334504216043,True
60,core,m1,2026-09-11,False,8760,3.478499444528216,persistence,4.6566208206608835,True
60,core,m1,2026-09-12,True,5326,4.411184408263463,persistence,5.327612595639355,True
60,core,m1,2026-09-13,True,11149,3.6778028600887738,persistence,4.497398820420349,True
60,core,m1,2026-09-14,False,8662,3.931184722994441,persistence,5.076978648826691,True
60,core,m1,2026-09-15,False,6065,6.218626442449349,persistence,7.717792965715466,True
60,core,m1,2026-09-16,False,10694,5.415955925158375,persistence,6.982653263146716,True
60,core,m1,2026-09-17,False,5895,3.7761581732801854,persistence,5.359866147081434,True
60,all,m1,2026-09-14,False,6142,4.956984227794889,persistence,6.748815839765173,True
60,all,m1,2026-09-15,False,5990,6.179438726366256,persistence,7.678202808080232,True
60,all,m1,2026-09-16,False,10504,5.4484087720718595,persistence,7.01009418133257,True
60,all,m1,2026-09-17,False,5895,3.7761581732801854,persistence,5.359866147081434,True
120,core,m1,2026-09-11,False,7383,4.489697474102336,lag_24h,6.976168497575905,True
120,core,m1,2026-09-12,True,2456,6.44676575875485,persistence,8.842156513178564,True
120,core,m1,2026-09-13,True,10597,4.892288714333636,persistence,7.369185362903116,True
120,core,m1,2026-09-14,False,8074,5.669175970120866,persistence,8.277373741907724,True
120,core,m1,2026-09-15,False,5273,6.850324682811817,lag_24h,9.564950892298185,True
120,core,m1,2026-09-16,False,9558,6.908924407539619,lag_24h,9.404360483651406,True
120,core,m1,2026-09-17,False,3821,4.52510159034651,lag_24h,6.900704818727457,True
120,all,m1,2026-09-14,False,5554,7.077247939085722,lag_7d,7.437646714061617,True
120,all,m1,2026-09-15,False,5198,6.822711111389573,seasonal_naive,9.307273990024347,True
120,all,m1,2026-09-16,False,9454,6.900432073137101,seasonal_naive,8.74000338445425,True
120,all,m1,2026-09-17,False,3821,4.52510159034651,seasonal_naive,6.867917284544343,True
180,core,m1,2026-09-11,False,6042,4.5469392113762686,lag_24h,6.301991262407269,True
180,core,m1,2026-09-12,True,841,7.312559951411259,persistence,12.2822482204403,True
180,core,m1,2026-09-13,True,9631,5.615864250332253,persistence,9.577079126911762,True
180,core,m1,2026-09-14,False,7486,6.6370056677824625,persistence,11.185996074084388,True
180,core,m1,2026-09-15,False,4613,7.360759566572815,lag_24h,9.494727134348084,True
180,core,m1,2026-09-16,False,8766,7.711600875481121,lag_24h,9.487120133437122,True
180,core,m1,2026-09-17,False,2024,4.557939763814714,lag_24h,5.645355091227158,True
180,all,m1,2026-09-14,False,4966,8.221050477466397,lag_7d,7.416669244050946,False
180,all,m1,2026-09-15,False,4538,7.331599715064296,seasonal_naive,9.34811665870177,True
180,all,m1,2026-09-16,False,8662,7.719531352920253,seasonal_naive,8.767048166573499,True
180,all,m1,2026-09-17,False,2024,4.557939763814714,lag_24h,5.645355091227158,True
240,core,m1,2026-09-11,False,4858,4.4257821299015605,lag_24h,5.400615852382147,True
240,core,m1,2026-09-12,True,172,8.308788398724396,persistence,17.095438683184465,True
240,core,m1,2026-09-13,True,8703,5.905356462002018,lag_24h,9.703502667916812,True
240,core,m1,2026-09-14,False,7201,7.847028703967416,persistence,14.332465563943355,True
240,core,m1,2026-09-15,False,3887,7.952010029040558,lag_24h,9.624065576563822,True
240,core,m1,2026-09-16,False,8017,7.932350536154887,lag_24h,9.56801427651723,True
240,core,m1,2026-09-17,False,1892,5.590891728984465,lag_24h,5.554811215797134,False
240,all,m1,2026-09-14,False,4681,9.493329827796677,lag_7d,7.355447297657679,False
240,all,m1,2026-09-15,False,3812,7.929097388856945,seasonal_naive,9.329697006069072,True
240,all,m1,2026-09-16,False,7913,7.9338471791205984,seasonal_naive,8.718825345286081,True
240,all,m1,2026-09-17,False,1892,5.590891728984465,lag_24h,5.554811215797134,False
360,core,m1,2026-09-11,False,3698,4.634436647235059,lag_24h,4.617069525598374,False
360,core,m1,2026-09-13,True,6633,6.6801246700044095,lag_24h,10.133471008530842,True
360,core,m1,2026-09-14,False,7201,7.95644615293472,lag_24h,14.940974646875356,True
360,core,m1,2026-09-15,False,2317,8.20071132444343,lag_24h,9.71391905528122,True
360,core,m1,2026-09-16,False,6433,8.34439137099202,lag_24h,9.821109745079118,True
360,core,m1,2026-09-17,False,1892,6.263708871912165,lag_24h,5.554811215797134,False
360,all,m1,2026-09-14,False,4681,9.257798121903459,lag_7d,7.355447297657679,False
360,all,m1,2026-09-15,False,2308,8.147996933522561,seasonal_naive,8.813176294448603,True
360,all,m1,2026-09-16,False,6329,8.381271143873459,seasonal_naive,8.8176556786116,True
360,all,m1,2026-09-17,False,1892,6.263708871912165,lag_24h,5.554811215797134,False
720,core,m1,2026-09-11,False,2795,4.127862400460216,lag_24h,3.647919330536123,False
720,core,m1,2026-09-13,True,1391,6.995119707561021,lag_24h,12.217394816802292,True
720,core,m1,2026-09-14,False,7201,8.317936331208927,lag_24h,14.940974646875356,True
720,core,m1,2026-09-16,False,2494,8.166658962191889,lag_24h,8.588742424063545,True
720,core,m1,2026-09-17,False,1892,5.893604375959907,lag_24h,5.554811215797134,False
720,all,m1,2026-09-14,False,4681,9.504473245622895,lag_7d,7.355447297657679,False
720,all,m1,2026-09-16,False,2408,8.241025827837944,seasonal_naive,7.985145623967227,False
720,all,m1,2026-09-17,False,1892,5.893604375959907,lag_24h,5.554811215797134,False
1440,core,m1,2026-09-14,False,2569,10.235560369399558,persistence,22.2564592359505,True
1440,all,m1,2026-09-14,False,2569,10.235560369399558,lag_7d,7.774278413251751,False
