fold,horizon,n,brier,brier_persistence,reliability_slope,slope_pass
1,15,15126,0.0050701438538309695,0.006941689805632686,0.9784216254128064,True
1,30,14904,0.007306661559978723,0.011876006441223833,0.8801200996765011,False
1,60,14460,0.010854215285916876,0.021092669432918397,0.86439112467627,False
1,120,13716,0.019519602975796264,0.039661708953047534,0.8112385271964656,False
1,180,12924,0.03038958379998368,0.05300216651191582,0.5998367008874487,False
1,240,12120,0.030779028590617603,0.06394389438943894,0.6859769457149884,False
1,360,10524,0.03176817862608278,0.08171797795515014,0.7950251611796073,False
2,15,15126,0.0068943436144613506,0.008263916435277007,0.9102979965344109,True
2,30,14904,0.008133370213385512,0.013553408480944712,0.9077109210249804,True
2,60,14460,0.011797356704988939,0.022406639004149378,0.8511568461899212,False
2,120,13716,0.020195960546407616,0.0405365995917177,0.8448708536326004,False
2,180,12924,0.031059444131686653,0.05478180129990715,0.6530086005245467,False
2,240,12120,0.031418419159955066,0.06625412541254125,0.8116173856157979,False
2,360,10524,0.0350211822049258,0.08561383504370962,0.6227921220033343,False
3,15,12031,0.008390393761525226,0.0033247444102734603,0.9268401692656489,True
3,30,11814,0.01701924782524641,0.005840528186896902,0.9234850783031692,True
3,60,11385,0.022174837128333468,0.010452349582784366,0.7216298616146809,False
3,120,10703,0.035610412023467666,0.017471736896197326,0.7824816574690491,False
3,180,10151,0.03835636454430673,0.023051916067382525,0.7226719292932274,False
3,240,9584,0.039084230485099736,0.02858931552587646,0.6495910275881418,False
3,360,8474,0.03700619910682743,0.036228463535520415,0.7913505164101499,False
4,15,11862,0.007399720968067599,0.005648288652841005,1.072839724712149,True
4,30,11676,0.01145798539923301,0.009592326139088728,0.8909349027023217,False
4,60,11304,0.02099808926818396,0.016808209483368718,0.7434132743250906,False
4,120,10680,0.027655163192018436,0.02846441947565543,0.7753565449180778,False
4,180,10116,0.03424508508418436,0.03766310794780545,1.3095167796744152,False
4,240,9612,0.039126352265857436,0.04223886808156471,1.1010096846616628,False
4,360,8568,0.03825553198725745,0.051353874883286646,0.6071894551260743,False
5,15,15126,0.00504890799299699,0.007602803120454846,1.0743645440914429,True
5,30,14904,0.00737818039031574,0.013419216317767043,1.043743774337361,True
5,60,14460,0.011659651938412686,0.02309820193637621,0.8358405073169344,False
5,120,13716,0.01998545344277921,0.044546515018955964,0.7133642447651616,False
5,180,12924,0.020500951308114496,0.060894459919529555,0.8119703071514243,False
5,240,12120,0.021587773664091824,0.07466996699669967,0.7570708662535511,False
5,360,10524,0.021788558395608216,0.10271759787153174,0.9237714149816012,True
6,15,15126,0.008447169476598064,0.009784477059367976,0.9314855502562238,True
6,30,14904,0.010619713406756137,0.017512077294685992,1.0393384466385251,True
6,60,14460,0.013134773046476849,0.030982019363762103,0.8257476678226198,False
6,120,13716,0.015267616417096959,0.05300379119276757,1.032254398535752,True
6,180,12924,0.017706552945163587,0.07010213556174559,0.8168026985284641,False
6,240,12120,0.02348884171251698,0.08217821782178218,0.672186948734856,False
6,360,10524,0.024000416861056716,0.10594830862789814,0.5308317300061015,False
7,15,13782,0.0051443091242956915,0.009287476418516906,1.068285013432503,True
7,30,13656,0.0072512440477855485,0.015304628002343293,1.111023348695975,False
7,60,13300,0.009635735842087493,0.026090225563909775,1.0840956948786855,True
7,120,12722,0.014376691737493827,0.050699575538437354,0.9362916492301407,True
7,180,12037,0.015065982294358453,0.06795713217579132,1.0758978572404145,True
7,240,11265,0.0171700261494101,0.08388814913448735,1.065023096490454,True
7,360,9644,0.017607956873099958,0.11105350476980506,1.1091455993267807,False
8,15,14768,0.004811304330298149,0.008464247020585049,0.9870296384863084,True
8,30,14543,0.006611551567067289,0.012927181461871691,0.9964552212109219,True
8,60,14098,0.009641840278063432,0.023123847354234645,0.8989223064535121,False
8,120,13342,0.012356218436327204,0.04392145105681307,0.8970117931905507,False
8,180,12539,0.013489216548733298,0.0600526357763777,0.8858996912111652,False
8,240,11725,0.01484557662579088,0.0731769722814499,0.9436723623838011,True
8,360,10114,0.01581062308801871,0.10104805220486454,0.7096804495939045,False
9,15,13021,0.004524017195091952,0.008217494816066354,1.0177343216575883,True
9,30,12899,0.005991871874199139,0.014187146290410109,0.9727887696912014,True
9,60,12547,0.009519377574446812,0.024627400972343987,1.0116547492437413,True
9,120,11927,0.015999803301565505,0.04703613649702356,0.9240168997576043,True
9,180,11210,0.020106190899579744,0.06431757359500447,0.7943126811266966,False
9,240,10429,0.022428548459945723,0.07757215456899032,0.8284742950482339,False
9,360,9231,0.02957973393441281,0.10020582818762865,0.5549952668045776,False
10,15,9963,0.006176283750671711,0.005219311452373783,0.8735884509194183,False
10,30,9774,0.008276892482936091,0.01053816247186413,0.9553094534488412,True
10,60,9365,0.01149908263108256,0.0200747463961559,1.0207193266753334,True
10,120,8791,0.017229506696992764,0.034580821294505744,0.8536906748103372,False
10,180,8562,0.023971286913931772,0.04882036907264658,0.7007321325923412,False
10,240,8106,0.025653527147138942,0.058968665186281764,0.6871088764189763,False
10,360,7075,0.029712130117447142,0.0703886925795053,0.5485259432954799,False
11,15,11568,0.004216140830685654,0.004754495159059474,0.9827464238885188,True
11,30,11382,0.007785600695620514,0.008346512036548936,0.9220880855976328,True
11,60,11011,0.014632656917838117,0.015166651530287893,0.6887453503080017,False
11,120,10396,0.02190319519986065,0.02770296267795306,0.6412154073789437,False
11,180,9853,0.02669175147955342,0.0382624581345783,0.745530095041145,False
11,240,9348,0.02624355446997519,0.049850235344458704,0.24082774907769328,False
11,360,8286,0.029870963006237077,0.06927347332850592,0.3355450939362883,False
12,15,11977,0.00499208378794975,0.00851632295232529,0.9120855056832269,True
12,30,11857,0.007068070926270742,0.013747153580163617,0.8902896220786094,False
12,60,11822,0.009569019671867636,0.02385383183894434,0.8483728937983732,False
12,120,11304,0.012869366561574324,0.04069355980184006,0.8650393595809784,False
12,180,10715,0.013824678505535537,0.05562295846943537,0.9093481039070328,True
12,240,9999,0.012390380192632411,0.06880688068806881,1.000124323164842,True
12,360,8684,0.01563593122302356,0.0998387839705205,0.7474015975517206,False
13,15,10391,0.004788323361885332,0.008661341545568281,0.8046992023282008,False
13,30,10010,0.007575298218819815,0.014985014985014986,0.7090252482468364,False
13,60,9738,0.0110059311917785,0.020846169644690903,0.8972296557803032,False
13,120,9258,0.016458512923384936,0.03596889176928062,0.7631869573487617,False
13,180,8423,0.01824023745705354,0.04772646325537219,0.7481640948186135,False
13,240,7693,0.02109020343629996,0.05485506304432601,0.6287147416770105,False
13,360,6045,0.025760030636376132,0.07328370554177006,0.5689626863095724,False
14,15,14091,0.00750309894999643,0.009083812362500887,0.9112579257326161,True
14,30,13912,0.010564593068722613,0.015813686026451983,0.9926360696688111,True
14,60,13510,0.013968072860769122,0.02827535159141377,1.0509648548246084,True
14,120,12710,0.016128827006579128,0.05066876475216365,1.1713327737877313,False
14,180,11901,0.016881217313855484,0.06327199395008823,1.2412844862026404,False
14,240,11131,0.015832083770101656,0.07483604348216692,1.3111066951683241,False
14,360,9595,0.014632123129420343,0.1003647733194372,1.829188568734621,False
15,15,12157,0.004361271427972202,0.006580570864522497,1.0377073603518692,True
15,30,12036,0.005372205066478219,0.011299435028248588,1.0574468217140718,True
15,60,11736,0.007507739172259161,0.020535105657805044,1.031263684558724,True
15,120,11040,0.010957511804594451,0.04338768115942029,1.067835163056854,True
15,180,10532,0.012925129314369241,0.060767185719711354,1.0753144069528566,True
15,240,9941,0.013792447840830816,0.07635046775978271,1.0010948189872306,True
15,360,8371,0.014626045485131339,0.10321347509258152,0.9321204693981096,True
16,15,13435,0.004646278747622102,0.006996650539635281,0.9335725308354993,True
16,30,13133,0.0061676492373836265,0.01149775375009518,0.9650529305580312,True
16,60,12877,0.008026264369499268,0.019569775568843675,0.885756335503266,False
16,120,12172,0.010386234692543425,0.035984226092671705,0.8179186133793918,False
16,180,11435,0.011812754945406862,0.044774814167031045,0.9269552629201324,True
16,240,10906,0.015296346867799359,0.05345681276361636,0.8059410096008115,False
16,360,9534,0.01990315818816516,0.0750996433815817,0.6795431880580628,False
17,15,10911,0.0039026761212726147,0.006232242690862432,1.0217404208384586,True
17,30,10780,0.006644156385703232,0.010667903525046383,0.883982911819303,False
17,60,10596,0.010183195032900485,0.01802567006417516,0.7183812811096331,False
17,120,9973,0.01152344566212744,0.027975533941642435,0.8641370242906189,False
17,180,9429,0.013542785564052116,0.034998409163219855,0.8054278249501379,False
17,240,8896,0.015076385393444415,0.040692446043165464,0.804678886716743,False
17,360,7929,0.019124343569787716,0.05297010972379872,0.9141459133089511,True
