parking_id,name,day_group,entry_windows,exit_windows,fee_windows,fee_mode,overnight_allowed,access_status,general_public,effective_from,effective_to,checked_at,evidence_method,evidence_ref,note
12,관악역1환승,weekday,00:00-24:00,00:00-24:00,00:00-24:00,paid_window_free_outside,true,confirmed_open,true,2026-09-15,,2026-09-15,official_web,docs/reports/태영.txt,"24시간 운영·24시간 유료 (네이버지도 기준, 일부는 공식 운영시간 미표기) [evidence_method는 임시 official_web — enum에 web_map 추가되면 교체 예정]"
12,관악역1환승,saturday,00:00-24:00,00:00-24:00,00:00-24:00,paid_window_free_outside,true,confirmed_open,true,2026-09-15,,2026-09-15,official_web,docs/reports/태영.txt,"24시간 운영·24시간 유료 (네이버지도 기준, 일부는 공식 운영시간 미표기) [evidence_method는 임시 official_web — enum에 web_map 추가되면 교체 예정]"
12,관악역1환승,sunday_holiday,00:00-24:00,00:00-24:00,00:00-24:00,paid_window_free_outside,true,confirmed_open,true,2026-09-15,,2026-09-15,official_web,docs/reports/태영.txt,"24시간 운영·24시간 유료 (네이버지도 기준, 일부는 공식 운영시간 미표기) [evidence_method는 임시 official_web — enum에 web_map 추가되면 교체 예정]"
13,관악역2환승,weekday,00:00-24:00,00:00-24:00,09:00-17:00,paid_window_free_outside,true,confirmed_open,true,2026-09-15,,2026-09-15,official_web,docs/reports/태영.txt,"평일만 유료, 주말 무료개방(입출차 24시간 가능) (네이버지도 기준, 일부는 공식 운영시간 미표기) [evidence_method는 임시 official_web — enum에 web_map 추가되면 교체 예정]"
13,관악역2환승,saturday,00:00-24:00,00:00-24:00,,free,true,confirmed_open,true,2026-09-15,,2026-09-15,official_web,docs/reports/태영.txt,"평일만 유료, 주말 무료개방(입출차 24시간 가능) (네이버지도 기준, 일부는 공식 운영시간 미표기) [evidence_method는 임시 official_web — enum에 web_map 추가되면 교체 예정]"
13,관악역2환승,sunday_holiday,00:00-24:00,00:00-24:00,,free,true,confirmed_open,true,2026-09-15,,2026-09-15,official_web,docs/reports/태영.txt,"평일만 유료, 주말 무료개방(입출차 24시간 가능) (네이버지도 기준, 일부는 공식 운영시간 미표기) [evidence_method는 임시 official_web — enum에 web_map 추가되면 교체 예정]"
24,관악역3환승,weekday,00:00-24:00,00:00-24:00,09:00-17:00,paid_window_free_outside,true,confirmed_open,true,2026-09-15,,2026-09-15,official_web,docs/reports/태영.txt,"평일만 유료, 주말 무료개방(입출차 24시간 가능) (네이버지도 기준, 일부는 공식 운영시간 미표기) [evidence_method는 임시 official_web — enum에 web_map 추가되면 교체 예정]"
24,관악역3환승,saturday,00:00-24:00,00:00-24:00,,free,true,confirmed_open,true,2026-09-15,,2026-09-15,official_web,docs/reports/태영.txt,"평일만 유료, 주말 무료개방(입출차 24시간 가능) (네이버지도 기준, 일부는 공식 운영시간 미표기) [evidence_method는 임시 official_web — enum에 web_map 추가되면 교체 예정]"
24,관악역3환승,sunday_holiday,00:00-24:00,00:00-24:00,,free,true,confirmed_open,true,2026-09-15,,2026-09-15,official_web,docs/reports/태영.txt,"평일만 유료, 주말 무료개방(입출차 24시간 가능) (네이버지도 기준, 일부는 공식 운영시간 미표기) [evidence_method는 임시 official_web — enum에 web_map 추가되면 교체 예정]"
25,관악역4환승,weekday,00:00-24:00,00:00-24:00,09:00-17:00,paid_window_free_outside,true,confirmed_open,true,2026-09-15,,2026-09-15,official_web,docs/reports/태영.txt,"평일만 유료, 주말 무료개방(입출차 24시간 가능) (네이버지도 기준, 일부는 공식 운영시간 미표기) [evidence_method는 임시 official_web — enum에 web_map 추가되면 교체 예정]"
25,관악역4환승,saturday,00:00-24:00,00:00-24:00,,free,true,confirmed_open,true,2026-09-15,,2026-09-15,official_web,docs/reports/태영.txt,"평일만 유료, 주말 무료개방(입출차 24시간 가능) (네이버지도 기준, 일부는 공식 운영시간 미표기) [evidence_method는 임시 official_web — enum에 web_map 추가되면 교체 예정]"
25,관악역4환승,sunday_holiday,00:00-24:00,00:00-24:00,,free,true,confirmed_open,true,2026-09-15,,2026-09-15,official_web,docs/reports/태영.txt,"평일만 유료, 주말 무료개방(입출차 24시간 가능) (네이버지도 기준, 일부는 공식 운영시간 미표기) [evidence_method는 임시 official_web — enum에 web_map 추가되면 교체 예정]"
39,안양7동노외,weekday,00:00-24:00,00:00-24:00,09:00-17:00,paid_window_free_outside,true,confirmed_open,true,2026-09-15,,2026-09-15,official_web,docs/reports/태영.txt,"평일만 유료, 주말 무료개방(입출차 24시간 가능) (네이버지도 기준, 일부는 공식 운영시간 미표기) [evidence_method는 임시 official_web — enum에 web_map 추가되면 교체 예정]"
39,안양7동노외,saturday,00:00-24:00,00:00-24:00,,free,true,confirmed_open,true,2026-09-15,,2026-09-15,official_web,docs/reports/태영.txt,"평일만 유료, 주말 무료개방(입출차 24시간 가능) (네이버지도 기준, 일부는 공식 운영시간 미표기) [evidence_method는 임시 official_web — enum에 web_map 추가되면 교체 예정]"
39,안양7동노외,sunday_holiday,00:00-24:00,00:00-24:00,,free,true,confirmed_open,true,2026-09-15,,2026-09-15,official_web,docs/reports/태영.txt,"평일만 유료, 주말 무료개방(입출차 24시간 가능) (네이버지도 기준, 일부는 공식 운영시간 미표기) [evidence_method는 임시 official_web — enum에 web_map 추가되면 교체 예정]"
27,인덕원동노외,weekday,00:00-24:00,00:00-24:00,09:00-20:00,paid_window_free_outside,true,confirmed_open,true,2026-09-15,,2026-09-15,official_web,docs/reports/태영.txt,"평일만 유료, 주말 무료개방(입출차 24시간 가능) (네이버지도 기준, 일부는 공식 운영시간 미표기) [evidence_method는 임시 official_web — enum에 web_map 추가되면 교체 예정]"
27,인덕원동노외,saturday,00:00-24:00,00:00-24:00,,free,true,confirmed_open,true,2026-09-15,,2026-09-15,official_web,docs/reports/태영.txt,"평일만 유료, 주말 무료개방(입출차 24시간 가능) (네이버지도 기준, 일부는 공식 운영시간 미표기) [evidence_method는 임시 official_web — enum에 web_map 추가되면 교체 예정]"
27,인덕원동노외,sunday_holiday,00:00-24:00,00:00-24:00,,free,true,confirmed_open,true,2026-09-15,,2026-09-15,official_web,docs/reports/태영.txt,"평일만 유료, 주말 무료개방(입출차 24시간 가능) (네이버지도 기준, 일부는 공식 운영시간 미표기) [evidence_method는 임시 official_web — enum에 web_map 추가되면 교체 예정]"
82,명학동노외,weekday,00:00-24:00,00:00-24:00,09:00-18:00,paid_window_free_outside,true,confirmed_open,true,2026-09-15,,2026-09-15,official_web,docs/reports/태영.txt,"평일만 유료, 주말 무료개방(입출차 24시간 가능) (네이버지도 기준, 일부는 공식 운영시간 미표기) [evidence_method는 임시 official_web — enum에 web_map 추가되면 교체 예정]"
82,명학동노외,saturday,00:00-24:00,00:00-24:00,,free,true,confirmed_open,true,2026-09-15,,2026-09-15,official_web,docs/reports/태영.txt,"평일만 유료, 주말 무료개방(입출차 24시간 가능) (네이버지도 기준, 일부는 공식 운영시간 미표기) [evidence_method는 임시 official_web — enum에 web_map 추가되면 교체 예정]"
82,명학동노외,sunday_holiday,00:00-24:00,00:00-24:00,,free,true,confirmed_open,true,2026-09-15,,2026-09-15,official_web,docs/reports/태영.txt,"평일만 유료, 주말 무료개방(입출차 24시간 가능) (네이버지도 기준, 일부는 공식 운영시간 미표기) [evidence_method는 임시 official_web — enum에 web_map 추가되면 교체 예정]"
40,안양6동1노외,weekday,00:00-24:00,00:00-24:00,09:00-18:00,paid_window_free_outside,true,confirmed_open,true,2026-09-15,,2026-09-15,official_web,docs/reports/태영.txt,"평일만 유료, 주말 무료개방(입출차 24시간 가능) (네이버지도 기준, 일부는 공식 운영시간 미표기) [evidence_method는 임시 official_web — enum에 web_map 추가되면 교체 예정]"
40,안양6동1노외,saturday,00:00-24:00,00:00-24:00,,free,true,confirmed_open,true,2026-09-15,,2026-09-15,official_web,docs/reports/태영.txt,"평일만 유료, 주말 무료개방(입출차 24시간 가능) (네이버지도 기준, 일부는 공식 운영시간 미표기) [evidence_method는 임시 official_web — enum에 web_map 추가되면 교체 예정]"
40,안양6동1노외,sunday_holiday,00:00-24:00,00:00-24:00,,free,true,confirmed_open,true,2026-09-15,,2026-09-15,official_web,docs/reports/태영.txt,"평일만 유료, 주말 무료개방(입출차 24시간 가능) (네이버지도 기준, 일부는 공식 운영시간 미표기) [evidence_method는 임시 official_web — enum에 web_map 추가되면 교체 예정]"
42,느루소공원지하,weekday,00:00-24:00,00:00-24:00,09:00-18:00,paid_window_free_outside,true,confirmed_open,true,2026-09-15,,2026-09-15,official_web,docs/reports/태영.txt,"평일만 유료, 주말 무료개방(입출차 24시간 가능) (네이버지도 기준, 일부는 공식 운영시간 미표기) [evidence_method는 임시 official_web — enum에 web_map 추가되면 교체 예정]"
42,느루소공원지하,saturday,00:00-24:00,00:00-24:00,,free,true,confirmed_open,true,2026-09-15,,2026-09-15,official_web,docs/reports/태영.txt,"평일만 유료, 주말 무료개방(입출차 24시간 가능) (네이버지도 기준, 일부는 공식 운영시간 미표기) [evidence_method는 임시 official_web — enum에 web_map 추가되면 교체 예정]"
42,느루소공원지하,sunday_holiday,00:00-24:00,00:00-24:00,,free,true,confirmed_open,true,2026-09-15,,2026-09-15,official_web,docs/reports/태영.txt,"평일만 유료, 주말 무료개방(입출차 24시간 가능) (네이버지도 기준, 일부는 공식 운영시간 미표기) [evidence_method는 임시 official_web — enum에 web_map 추가되면 교체 예정]"
34,동편마을지하,weekday,00:00-24:00,00:00-24:00,09:00-18:00,paid_window_free_outside,true,confirmed_open,true,2026-09-15,,2026-09-15,official_web,docs/reports/태영.txt,"평일만 유료, 주말 무료개방(입출차 24시간 가능) (네이버지도 기준, 일부는 공식 운영시간 미표기) [evidence_method는 임시 official_web — enum에 web_map 추가되면 교체 예정]"
34,동편마을지하,saturday,00:00-24:00,00:00-24:00,,free,true,confirmed_open,true,2026-09-15,,2026-09-15,official_web,docs/reports/태영.txt,"평일만 유료, 주말 무료개방(입출차 24시간 가능) (네이버지도 기준, 일부는 공식 운영시간 미표기) [evidence_method는 임시 official_web — enum에 web_map 추가되면 교체 예정]"
34,동편마을지하,sunday_holiday,00:00-24:00,00:00-24:00,,free,true,confirmed_open,true,2026-09-15,,2026-09-15,official_web,docs/reports/태영.txt,"평일만 유료, 주말 무료개방(입출차 24시간 가능) (네이버지도 기준, 일부는 공식 운영시간 미표기) [evidence_method는 임시 official_web — enum에 web_map 추가되면 교체 예정]"
121,호현마을1노외,weekday,00:00-24:00,00:00-24:00,09:00-18:00,paid_window_free_outside,true,confirmed_open,true,2026-09-15,,2026-09-15,official_web,docs/reports/태영.txt,"평일만 유료, 주말 무료개방(입출차 24시간 가능) (네이버지도 기준, 일부는 공식 운영시간 미표기) [evidence_method는 임시 official_web — enum에 web_map 추가되면 교체 예정]"
121,호현마을1노외,saturday,00:00-24:00,00:00-24:00,,free,true,confirmed_open,true,2026-09-15,,2026-09-15,official_web,docs/reports/태영.txt,"평일만 유료, 주말 무료개방(입출차 24시간 가능) (네이버지도 기준, 일부는 공식 운영시간 미표기) [evidence_method는 임시 official_web — enum에 web_map 추가되면 교체 예정]"
121,호현마을1노외,sunday_holiday,00:00-24:00,00:00-24:00,,free,true,confirmed_open,true,2026-09-15,,2026-09-15,official_web,docs/reports/태영.txt,"평일만 유료, 주말 무료개방(입출차 24시간 가능) (네이버지도 기준, 일부는 공식 운영시간 미표기) [evidence_method는 임시 official_web — enum에 web_map 추가되면 교체 예정]"
36,충훈동지하,weekday,00:00-24:00,00:00-24:00,09:00-18:00,paid_window_free_outside,true,confirmed_open,true,2026-09-15,,2026-09-15,official_web,docs/reports/태영.txt,"평일만 유료, 주말 무료개방(입출차 24시간 가능) (네이버지도 기준, 일부는 공식 운영시간 미표기) [evidence_method는 임시 official_web — enum에 web_map 추가되면 교체 예정]"
36,충훈동지하,saturday,00:00-24:00,00:00-24:00,,free,true,confirmed_open,true,2026-09-15,,2026-09-15,official_web,docs/reports/태영.txt,"평일만 유료, 주말 무료개방(입출차 24시간 가능) (네이버지도 기준, 일부는 공식 운영시간 미표기) [evidence_method는 임시 official_web — enum에 web_map 추가되면 교체 예정]"
36,충훈동지하,sunday_holiday,00:00-24:00,00:00-24:00,,free,true,confirmed_open,true,2026-09-15,,2026-09-15,official_web,docs/reports/태영.txt,"평일만 유료, 주말 무료개방(입출차 24시간 가능) (네이버지도 기준, 일부는 공식 운영시간 미표기) [evidence_method는 임시 official_web — enum에 web_map 추가되면 교체 예정]"
37,관양동노외,weekday,00:00-24:00,00:00-24:00,09:00-18:00,paid_window_free_outside,true,confirmed_open,true,2026-09-15,,2026-09-15,official_web,docs/reports/태영.txt,"평일만 유료, 주말 무료개방(입출차 24시간 가능) (네이버지도 기준, 일부는 공식 운영시간 미표기) [evidence_method는 임시 official_web — enum에 web_map 추가되면 교체 예정]"
37,관양동노외,saturday,00:00-24:00,00:00-24:00,,free,true,confirmed_open,true,2026-09-15,,2026-09-15,official_web,docs/reports/태영.txt,"평일만 유료, 주말 무료개방(입출차 24시간 가능) (네이버지도 기준, 일부는 공식 운영시간 미표기) [evidence_method는 임시 official_web — enum에 web_map 추가되면 교체 예정]"
37,관양동노외,sunday_holiday,00:00-24:00,00:00-24:00,,free,true,confirmed_open,true,2026-09-15,,2026-09-15,official_web,docs/reports/태영.txt,"평일만 유료, 주말 무료개방(입출차 24시간 가능) (네이버지도 기준, 일부는 공식 운영시간 미표기) [evidence_method는 임시 official_web — enum에 web_map 추가되면 교체 예정]"
106,시청앞노상,weekday,00:00-24:00,00:00-24:00,10:00-18:00,paid_window_free_outside,true,confirmed_open,true,2026-09-15,,2026-09-15,official_web,docs/reports/태영.txt,"평일만 유료, 주말 무료개방(입출차 24시간 가능) (네이버지도 기준, 일부는 공식 운영시간 미표기) [evidence_method는 임시 official_web — enum에 web_map 추가되면 교체 예정]"
106,시청앞노상,saturday,00:00-24:00,00:00-24:00,,free,true,confirmed_open,true,2026-09-15,,2026-09-15,official_web,docs/reports/태영.txt,"평일만 유료, 주말 무료개방(입출차 24시간 가능) (네이버지도 기준, 일부는 공식 운영시간 미표기) [evidence_method는 임시 official_web — enum에 web_map 추가되면 교체 예정]"
106,시청앞노상,sunday_holiday,00:00-24:00,00:00-24:00,,free,true,confirmed_open,true,2026-09-15,,2026-09-15,official_web,docs/reports/태영.txt,"평일만 유료, 주말 무료개방(입출차 24시간 가능) (네이버지도 기준, 일부는 공식 운영시간 미표기) [evidence_method는 임시 official_web — enum에 web_map 추가되면 교체 예정]"
30,샘모루초교지하,weekday,00:00-24:00,00:00-24:00,09:00-20:00,paid_window_free_outside,true,confirmed_open,true,2026-09-15,,2026-09-15,official_web,docs/reports/태영.txt,"월~토 유료, 일요일 무료개방(입출차 24시간 가능) (네이버지도 기준, 일부는 공식 운영시간 미표기) [evidence_method는 임시 official_web — enum에 web_map 추가되면 교체 예정]"
30,샘모루초교지하,saturday,00:00-24:00,00:00-24:00,09:00-20:00,paid_window_free_outside,true,confirmed_open,true,2026-09-15,,2026-09-15,official_web,docs/reports/태영.txt,"월~토 유료, 일요일 무료개방(입출차 24시간 가능) (네이버지도 기준, 일부는 공식 운영시간 미표기) [evidence_method는 임시 official_web — enum에 web_map 추가되면 교체 예정]"
30,샘모루초교지하,sunday_holiday,00:00-24:00,00:00-24:00,,free,true,confirmed_open,true,2026-09-15,,2026-09-15,official_web,docs/reports/태영.txt,"월~토 유료, 일요일 무료개방(입출차 24시간 가능) (네이버지도 기준, 일부는 공식 운영시간 미표기) [evidence_method는 임시 official_web — enum에 web_map 추가되면 교체 예정]"
183,호계시장2노외,weekday,00:00-24:00,00:00-24:00,09:00-22:00,paid_window_free_outside,true,confirmed_open,true,2026-09-15,,2026-09-15,official_web,docs/reports/태영.txt,"월~토 유료, 일요일 무료개방(입출차 24시간 가능) (네이버지도 기준, 일부는 공식 운영시간 미표기) [evidence_method는 임시 official_web — enum에 web_map 추가되면 교체 예정]"
183,호계시장2노외,saturday,00:00-24:00,00:00-24:00,09:00-22:00,paid_window_free_outside,true,confirmed_open,true,2026-09-15,,2026-09-15,official_web,docs/reports/태영.txt,"월~토 유료, 일요일 무료개방(입출차 24시간 가능) (네이버지도 기준, 일부는 공식 운영시간 미표기) [evidence_method는 임시 official_web — enum에 web_map 추가되면 교체 예정]"
183,호계시장2노외,sunday_holiday,00:00-24:00,00:00-24:00,,free,true,confirmed_open,true,2026-09-15,,2026-09-15,official_web,docs/reports/태영.txt,"월~토 유료, 일요일 무료개방(입출차 24시간 가능) (네이버지도 기준, 일부는 공식 운영시간 미표기) [evidence_method는 임시 official_web — enum에 web_map 추가되면 교체 예정]"
182,호계시장1노외,weekday,00:00-24:00,00:00-24:00,09:00-22:00,paid_window_free_outside,true,confirmed_open,true,2026-09-15,,2026-09-15,official_web,docs/reports/태영.txt,"월~토 유료, 일요일 무료개방(입출차 24시간 가능) (네이버지도 기준, 일부는 공식 운영시간 미표기) [evidence_method는 임시 official_web — enum에 web_map 추가되면 교체 예정]"
182,호계시장1노외,saturday,00:00-24:00,00:00-24:00,09:00-22:00,paid_window_free_outside,true,confirmed_open,true,2026-09-15,,2026-09-15,official_web,docs/reports/태영.txt,"월~토 유료, 일요일 무료개방(입출차 24시간 가능) (네이버지도 기준, 일부는 공식 운영시간 미표기) [evidence_method는 임시 official_web — enum에 web_map 추가되면 교체 예정]"
182,호계시장1노외,sunday_holiday,00:00-24:00,00:00-24:00,,free,true,confirmed_open,true,2026-09-15,,2026-09-15,official_web,docs/reports/태영.txt,"월~토 유료, 일요일 무료개방(입출차 24시간 가능) (네이버지도 기준, 일부는 공식 운영시간 미표기) [evidence_method는 임시 official_web — enum에 web_map 추가되면 교체 예정]"
181,덕현공원지하,weekday,00:00-24:00,00:00-24:00,09:00-20:00,paid_window_free_outside,true,confirmed_open,true,2026-09-15,,2026-09-15,official_web,docs/reports/태영.txt,"월~토 유료, 일요일 무료개방(입출차 24시간 가능) (네이버지도 기준, 일부는 공식 운영시간 미표기) [evidence_method는 임시 official_web — enum에 web_map 추가되면 교체 예정]"
181,덕현공원지하,saturday,00:00-24:00,00:00-24:00,09:00-20:00,paid_window_free_outside,true,confirmed_open,true,2026-09-15,,2026-09-15,official_web,docs/reports/태영.txt,"월~토 유료, 일요일 무료개방(입출차 24시간 가능) (네이버지도 기준, 일부는 공식 운영시간 미표기) [evidence_method는 임시 official_web — enum에 web_map 추가되면 교체 예정]"
181,덕현공원지하,sunday_holiday,00:00-24:00,00:00-24:00,,free,true,confirmed_open,true,2026-09-15,,2026-09-15,official_web,docs/reports/태영.txt,"월~토 유료, 일요일 무료개방(입출차 24시간 가능) (네이버지도 기준, 일부는 공식 운영시간 미표기) [evidence_method는 임시 official_web — enum에 web_map 추가되면 교체 예정]"
29,남부노외,weekday,00:00-24:00,00:00-24:00,08:00-18:00,paid_window_free_outside,true,confirmed_open,true,2026-09-15,,2026-09-15,official_web,docs/reports/태영.txt,"월~토 유료, 일요일 무료개방(입출차 24시간 가능) (네이버지도 기준, 일부는 공식 운영시간 미표기) [evidence_method는 임시 official_web — enum에 web_map 추가되면 교체 예정]"
29,남부노외,saturday,00:00-24:00,00:00-24:00,08:00-18:00,paid_window_free_outside,true,confirmed_open,true,2026-09-15,,2026-09-15,official_web,docs/reports/태영.txt,"월~토 유료, 일요일 무료개방(입출차 24시간 가능) (네이버지도 기준, 일부는 공식 운영시간 미표기) [evidence_method는 임시 official_web — enum에 web_map 추가되면 교체 예정]"
29,남부노외,sunday_holiday,00:00-24:00,00:00-24:00,,free,true,confirmed_open,true,2026-09-15,,2026-09-15,official_web,docs/reports/태영.txt,"월~토 유료, 일요일 무료개방(입출차 24시간 가능) (네이버지도 기준, 일부는 공식 운영시간 미표기) [evidence_method는 임시 official_web — enum에 web_map 추가되면 교체 예정]"
421,박달고가밑노상(노외),weekday,00:00-24:00,00:00-24:00,09:00-19:00,paid_window_free_outside,true,confirmed_open,true,2026-09-15,,2026-09-15,official_web,docs/reports/태영.txt,"월~토 유료, 일요일 무료개방(입출차 24시간 가능) (네이버지도 기준, 일부는 공식 운영시간 미표기) [evidence_method는 임시 official_web — enum에 web_map 추가되면 교체 예정]"
421,박달고가밑노상(노외),saturday,00:00-24:00,00:00-24:00,09:00-19:00,paid_window_free_outside,true,confirmed_open,true,2026-09-15,,2026-09-15,official_web,docs/reports/태영.txt,"월~토 유료, 일요일 무료개방(입출차 24시간 가능) (네이버지도 기준, 일부는 공식 운영시간 미표기) [evidence_method는 임시 official_web — enum에 web_map 추가되면 교체 예정]"
421,박달고가밑노상(노외),sunday_holiday,00:00-24:00,00:00-24:00,,free,true,confirmed_open,true,2026-09-15,,2026-09-15,official_web,docs/reports/태영.txt,"월~토 유료, 일요일 무료개방(입출차 24시간 가능) (네이버지도 기준, 일부는 공식 운영시간 미표기) [evidence_method는 임시 official_web — enum에 web_map 추가되면 교체 예정]"
33,박달시장2노외,weekday,00:00-24:00,00:00-24:00,09:00-19:00,paid_window_free_outside,true,confirmed_open,true,2026-09-15,,2026-09-15,official_web,docs/reports/태영.txt,"월~토 유료, 일요일 무료개방(입출차 24시간 가능) (네이버지도 기준, 일부는 공식 운영시간 미표기) [evidence_method는 임시 official_web — enum에 web_map 추가되면 교체 예정]"
33,박달시장2노외,saturday,00:00-24:00,00:00-24:00,09:00-19:00,paid_window_free_outside,true,confirmed_open,true,2026-09-15,,2026-09-15,official_web,docs/reports/태영.txt,"월~토 유료, 일요일 무료개방(입출차 24시간 가능) (네이버지도 기준, 일부는 공식 운영시간 미표기) [evidence_method는 임시 official_web — enum에 web_map 추가되면 교체 예정]"
33,박달시장2노외,sunday_holiday,00:00-24:00,00:00-24:00,,free,true,confirmed_open,true,2026-09-15,,2026-09-15,official_web,docs/reports/태영.txt,"월~토 유료, 일요일 무료개방(입출차 24시간 가능) (네이버지도 기준, 일부는 공식 운영시간 미표기) [evidence_method는 임시 official_web — enum에 web_map 추가되면 교체 예정]"
112,원스퀘어임시,weekday,00:00-24:00,00:00-24:00,10:00-22:00,paid_window_free_outside,true,confirmed_open,true,2026-09-15,,2026-09-15,official_web,docs/reports/태영.txt,"매일 같은 시간만 유료, 그 외 무료개방(입출차 24시간 가능) (네이버지도 기준, 일부는 공식 운영시간 미표기) [evidence_method는 임시 official_web — enum에 web_map 추가되면 교체 예정]"
112,원스퀘어임시,saturday,00:00-24:00,00:00-24:00,10:00-22:00,paid_window_free_outside,true,confirmed_open,true,2026-09-15,,2026-09-15,official_web,docs/reports/태영.txt,"매일 같은 시간만 유료, 그 외 무료개방(입출차 24시간 가능) (네이버지도 기준, 일부는 공식 운영시간 미표기) [evidence_method는 임시 official_web — enum에 web_map 추가되면 교체 예정]"
112,원스퀘어임시,sunday_holiday,00:00-24:00,00:00-24:00,10:00-22:00,paid_window_free_outside,true,confirmed_open,true,2026-09-15,,2026-09-15,official_web,docs/reports/태영.txt,"매일 같은 시간만 유료, 그 외 무료개방(입출차 24시간 가능) (네이버지도 기준, 일부는 공식 운영시간 미표기) [evidence_method는 임시 official_web — enum에 web_map 추가되면 교체 예정]"
31,스마트스퀘어지하,weekday,00:00-24:00,00:00-24:00,09:00-18:00,paid_window_free_outside,true,confirmed_open,true,2026-09-15,,2026-09-15,official_web,docs/reports/태영.txt,"매일 같은 시간만 유료, 그 외 무료개방(입출차 24시간 가능) (네이버지도 기준, 일부는 공식 운영시간 미표기) [evidence_method는 임시 official_web — enum에 web_map 추가되면 교체 예정]"
31,스마트스퀘어지하,saturday,00:00-24:00,00:00-24:00,09:00-18:00,paid_window_free_outside,true,confirmed_open,true,2026-09-15,,2026-09-15,official_web,docs/reports/태영.txt,"매일 같은 시간만 유료, 그 외 무료개방(입출차 24시간 가능) (네이버지도 기준, 일부는 공식 운영시간 미표기) [evidence_method는 임시 official_web — enum에 web_map 추가되면 교체 예정]"
31,스마트스퀘어지하,sunday_holiday,00:00-24:00,00:00-24:00,09:00-18:00,paid_window_free_outside,true,confirmed_open,true,2026-09-15,,2026-09-15,official_web,docs/reports/태영.txt,"매일 같은 시간만 유료, 그 외 무료개방(입출차 24시간 가능) (네이버지도 기준, 일부는 공식 운영시간 미표기) [evidence_method는 임시 official_web — enum에 web_map 추가되면 교체 예정]"
9,예술공원노외,weekday,00:00-24:00,00:00-24:00,09:00-19:00,paid_window_free_outside,true,confirmed_open,true,2026-09-15,,2026-09-15,official_web,docs/reports/태영.txt,"매일 같은 시간만 유료, 그 외 무료개방(입출차 24시간 가능) (네이버지도 기준, 일부는 공식 운영시간 미표기) [evidence_method는 임시 official_web — enum에 web_map 추가되면 교체 예정]"
9,예술공원노외,saturday,00:00-24:00,00:00-24:00,09:00-19:00,paid_window_free_outside,true,confirmed_open,true,2026-09-15,,2026-09-15,official_web,docs/reports/태영.txt,"매일 같은 시간만 유료, 그 외 무료개방(입출차 24시간 가능) (네이버지도 기준, 일부는 공식 운영시간 미표기) [evidence_method는 임시 official_web — enum에 web_map 추가되면 교체 예정]"
9,예술공원노외,sunday_holiday,00:00-24:00,00:00-24:00,09:00-19:00,paid_window_free_outside,true,confirmed_open,true,2026-09-15,,2026-09-15,official_web,docs/reports/태영.txt,"매일 같은 시간만 유료, 그 외 무료개방(입출차 24시간 가능) (네이버지도 기준, 일부는 공식 운영시간 미표기) [evidence_method는 임시 official_web — enum에 web_map 추가되면 교체 예정]"
11,일번가노외,weekday,00:00-24:00,00:00-24:00,10:00-22:00,paid_window_free_outside,true,confirmed_open,true,2026-09-15,,2026-09-15,official_web,docs/reports/태영.txt,"매일 같은 시간만 유료, 그 외 무료개방(입출차 24시간 가능) (네이버지도 기준, 일부는 공식 운영시간 미표기) [evidence_method는 임시 official_web — enum에 web_map 추가되면 교체 예정]"
11,일번가노외,saturday,00:00-24:00,00:00-24:00,10:00-22:00,paid_window_free_outside,true,confirmed_open,true,2026-09-15,,2026-09-15,official_web,docs/reports/태영.txt,"매일 같은 시간만 유료, 그 외 무료개방(입출차 24시간 가능) (네이버지도 기준, 일부는 공식 운영시간 미표기) [evidence_method는 임시 official_web — enum에 web_map 추가되면 교체 예정]"
11,일번가노외,sunday_holiday,00:00-24:00,00:00-24:00,10:00-22:00,paid_window_free_outside,true,confirmed_open,true,2026-09-15,,2026-09-15,official_web,docs/reports/태영.txt,"매일 같은 시간만 유료, 그 외 무료개방(입출차 24시간 가능) (네이버지도 기준, 일부는 공식 운영시간 미표기) [evidence_method는 임시 official_web — enum에 web_map 추가되면 교체 예정]"
17,화창초교지하,weekday,00:00-24:00,00:00-24:00,09:00-22:00,paid_window_free_outside,true,confirmed_open,true,2026-09-15,,2026-09-15,official_web,docs/reports/태영.txt,"매일 같은 시간만 유료, 그 외 무료개방(입출차 24시간 가능) (네이버지도 기준, 일부는 공식 운영시간 미표기) [evidence_method는 임시 official_web — enum에 web_map 추가되면 교체 예정]"
17,화창초교지하,saturday,00:00-24:00,00:00-24:00,09:00-22:00,paid_window_free_outside,true,confirmed_open,true,2026-09-15,,2026-09-15,official_web,docs/reports/태영.txt,"매일 같은 시간만 유료, 그 외 무료개방(입출차 24시간 가능) (네이버지도 기준, 일부는 공식 운영시간 미표기) [evidence_method는 임시 official_web — enum에 web_map 추가되면 교체 예정]"
17,화창초교지하,sunday_holiday,00:00-24:00,00:00-24:00,09:00-22:00,paid_window_free_outside,true,confirmed_open,true,2026-09-15,,2026-09-15,official_web,docs/reports/태영.txt,"매일 같은 시간만 유료, 그 외 무료개방(입출차 24시간 가능) (네이버지도 기준, 일부는 공식 운영시간 미표기) [evidence_method는 임시 official_web — enum에 web_map 추가되면 교체 예정]"
8,안양4동노외,weekday,00:00-24:00,00:00-24:00,10:00-20:00,paid_window_free_outside,true,confirmed_open,true,2026-09-15,,2026-09-15,official_web,docs/reports/태영.txt,"매일 같은 시간만 유료, 그 외 무료개방(입출차 24시간 가능) (네이버지도 기준, 일부는 공식 운영시간 미표기) [evidence_method는 임시 official_web — enum에 web_map 추가되면 교체 예정]"
8,안양4동노외,saturday,00:00-24:00,00:00-24:00,10:00-20:00,paid_window_free_outside,true,confirmed_open,true,2026-09-15,,2026-09-15,official_web,docs/reports/태영.txt,"매일 같은 시간만 유료, 그 외 무료개방(입출차 24시간 가능) (네이버지도 기준, 일부는 공식 운영시간 미표기) [evidence_method는 임시 official_web — enum에 web_map 추가되면 교체 예정]"
8,안양4동노외,sunday_holiday,00:00-24:00,00:00-24:00,10:00-20:00,paid_window_free_outside,true,confirmed_open,true,2026-09-15,,2026-09-15,official_web,docs/reports/태영.txt,"매일 같은 시간만 유료, 그 외 무료개방(입출차 24시간 가능) (네이버지도 기준, 일부는 공식 운영시간 미표기) [evidence_method는 임시 official_web — enum에 web_map 추가되면 교체 예정]"
38,삼덕공원지하,weekday,00:00-24:00,00:00-24:00,10:00-20:00,paid_window_free_outside,true,confirmed_open,true,2026-09-15,,2026-09-15,official_web,docs/reports/태영.txt,"매일 같은 시간만 유료, 그 외 무료개방(입출차 24시간 가능) (네이버지도 기준, 일부는 공식 운영시간 미표기) [evidence_method는 임시 official_web — enum에 web_map 추가되면 교체 예정]"
38,삼덕공원지하,saturday,00:00-24:00,00:00-24:00,10:00-20:00,paid_window_free_outside,true,confirmed_open,true,2026-09-15,,2026-09-15,official_web,docs/reports/태영.txt,"매일 같은 시간만 유료, 그 외 무료개방(입출차 24시간 가능) (네이버지도 기준, 일부는 공식 운영시간 미표기) [evidence_method는 임시 official_web — enum에 web_map 추가되면 교체 예정]"
38,삼덕공원지하,sunday_holiday,00:00-24:00,00:00-24:00,10:00-20:00,paid_window_free_outside,true,confirmed_open,true,2026-09-15,,2026-09-15,official_web,docs/reports/태영.txt,"매일 같은 시간만 유료, 그 외 무료개방(입출차 24시간 가능) (네이버지도 기준, 일부는 공식 운영시간 미표기) [evidence_method는 임시 official_web — enum에 web_map 추가되면 교체 예정]"
28,삼덕노외,weekday,00:00-24:00,00:00-24:00,10:00-20:00,paid_window_free_outside,true,confirmed_open,true,2026-09-15,,2026-09-15,official_web,docs/reports/태영.txt,"매일 같은 시간만 유료, 그 외 무료개방(입출차 24시간 가능) (네이버지도 기준, 일부는 공식 운영시간 미표기) [evidence_method는 임시 official_web — enum에 web_map 추가되면 교체 예정]"
28,삼덕노외,saturday,00:00-24:00,00:00-24:00,10:00-20:00,paid_window_free_outside,true,confirmed_open,true,2026-09-15,,2026-09-15,official_web,docs/reports/태영.txt,"매일 같은 시간만 유료, 그 외 무료개방(입출차 24시간 가능) (네이버지도 기준, 일부는 공식 운영시간 미표기) [evidence_method는 임시 official_web — enum에 web_map 추가되면 교체 예정]"
28,삼덕노외,sunday_holiday,00:00-24:00,00:00-24:00,10:00-20:00,paid_window_free_outside,true,confirmed_open,true,2026-09-15,,2026-09-15,official_web,docs/reports/태영.txt,"매일 같은 시간만 유료, 그 외 무료개방(입출차 24시간 가능) (네이버지도 기준, 일부는 공식 운영시간 미표기) [evidence_method는 임시 official_web — enum에 web_map 추가되면 교체 예정]"
26,수목원입구노외,weekday,00:00-24:00,00:00-24:00,09:00-19:00,paid_window_free_outside,true,confirmed_open,true,2026-09-15,,2026-09-15,official_web,docs/reports/태영.txt,"매일 같은 시간만 유료, 그 외 무료개방(입출차 24시간 가능) (네이버지도 기준, 일부는 공식 운영시간 미표기) [evidence_method는 임시 official_web — enum에 web_map 추가되면 교체 예정]"
26,수목원입구노외,saturday,00:00-24:00,00:00-24:00,09:00-19:00,paid_window_free_outside,true,confirmed_open,true,2026-09-15,,2026-09-15,official_web,docs/reports/태영.txt,"매일 같은 시간만 유료, 그 외 무료개방(입출차 24시간 가능) (네이버지도 기준, 일부는 공식 운영시간 미표기) [evidence_method는 임시 official_web — enum에 web_map 추가되면 교체 예정]"
26,수목원입구노외,sunday_holiday,00:00-24:00,00:00-24:00,09:00-19:00,paid_window_free_outside,true,confirmed_open,true,2026-09-15,,2026-09-15,official_web,docs/reports/태영.txt,"매일 같은 시간만 유료, 그 외 무료개방(입출차 24시간 가능) (네이버지도 기준, 일부는 공식 운영시간 미표기) [evidence_method는 임시 official_web — enum에 web_map 추가되면 교체 예정]"
20,병목안시민공원노외,weekday,00:00-24:00,00:00-24:00,09:00-19:00,paid_window_free_outside,true,confirmed_open,true,2026-09-15,,2026-09-15,official_web,docs/reports/태영.txt,"매일 같은 시간만 유료, 그 외 무료개방(입출차 24시간 가능) (네이버지도 기준, 일부는 공식 운영시간 미표기) [evidence_method는 임시 official_web — enum에 web_map 추가되면 교체 예정]"
20,병목안시민공원노외,saturday,00:00-24:00,00:00-24:00,09:00-19:00,paid_window_free_outside,true,confirmed_open,true,2026-09-15,,2026-09-15,official_web,docs/reports/태영.txt,"매일 같은 시간만 유료, 그 외 무료개방(입출차 24시간 가능) (네이버지도 기준, 일부는 공식 운영시간 미표기) [evidence_method는 임시 official_web — enum에 web_map 추가되면 교체 예정]"
20,병목안시민공원노외,sunday_holiday,00:00-24:00,00:00-24:00,09:00-19:00,paid_window_free_outside,true,confirmed_open,true,2026-09-15,,2026-09-15,official_web,docs/reports/태영.txt,"매일 같은 시간만 유료, 그 외 무료개방(입출차 24시간 가능) (네이버지도 기준, 일부는 공식 운영시간 미표기) [evidence_method는 임시 official_web — enum에 web_map 추가되면 교체 예정]"
21,해동놀이터지하,weekday,00:00-24:00,00:00-24:00,09:00-22:00,paid_window_free_outside,true,confirmed_open,true,2026-09-15,,2026-09-15,official_web,docs/reports/태영.txt,"매일 같은 시간만 유료, 그 외 무료개방(입출차 24시간 가능) (네이버지도 기준, 일부는 공식 운영시간 미표기) [evidence_method는 임시 official_web — enum에 web_map 추가되면 교체 예정]"
21,해동놀이터지하,saturday,00:00-24:00,00:00-24:00,09:00-22:00,paid_window_free_outside,true,confirmed_open,true,2026-09-15,,2026-09-15,official_web,docs/reports/태영.txt,"매일 같은 시간만 유료, 그 외 무료개방(입출차 24시간 가능) (네이버지도 기준, 일부는 공식 운영시간 미표기) [evidence_method는 임시 official_web — enum에 web_map 추가되면 교체 예정]"
21,해동놀이터지하,sunday_holiday,00:00-24:00,00:00-24:00,09:00-22:00,paid_window_free_outside,true,confirmed_open,true,2026-09-15,,2026-09-15,official_web,docs/reports/태영.txt,"매일 같은 시간만 유료, 그 외 무료개방(입출차 24시간 가능) (네이버지도 기준, 일부는 공식 운영시간 미표기) [evidence_method는 임시 official_web — enum에 web_map 추가되면 교체 예정]"
201,비산소공원지하,weekday,00:00-24:00,00:00-24:00,09:00-22:00,paid_window_free_outside,true,confirmed_open,true,2026-09-15,,2026-09-15,official_web,docs/reports/태영.txt,"매일 같은 시간만 유료, 그 외 무료개방(입출차 24시간 가능) (네이버지도 기준, 일부는 공식 운영시간 미표기) [evidence_method는 임시 official_web — enum에 web_map 추가되면 교체 예정]"
201,비산소공원지하,saturday,00:00-24:00,00:00-24:00,09:00-22:00,paid_window_free_outside,true,confirmed_open,true,2026-09-15,,2026-09-15,official_web,docs/reports/태영.txt,"매일 같은 시간만 유료, 그 외 무료개방(입출차 24시간 가능) (네이버지도 기준, 일부는 공식 운영시간 미표기) [evidence_method는 임시 official_web — enum에 web_map 추가되면 교체 예정]"
201,비산소공원지하,sunday_holiday,00:00-24:00,00:00-24:00,09:00-22:00,paid_window_free_outside,true,confirmed_open,true,2026-09-15,,2026-09-15,official_web,docs/reports/태영.txt,"매일 같은 시간만 유료, 그 외 무료개방(입출차 24시간 가능) (네이버지도 기준, 일부는 공식 운영시간 미표기) [evidence_method는 임시 official_web — enum에 web_map 추가되면 교체 예정]"
161,관악노상1-2,weekday,00:00-24:00,00:00-24:00,09:00-19:00,paid_window_free_outside,true,confirmed_open,true,2026-09-15,,2026-09-15,official_web,docs/reports/태영.txt,"운영시간 외에도 무료개방·입출차 24시간 가능(조사 확인). 운영시간 외엔 실시간 API만 멈춤(label_valid 축, access_rule 참고) — 입출차와는 무관 (네이버지도 기준, 일부는 공식 운영시간 미표기) [evidence_method는 임시 official_web — enum에 web_map 추가되면 교체 예정]"
161,관악노상1-2,saturday,00:00-24:00,00:00-24:00,,free,true,confirmed_open,true,2026-09-15,,2026-09-15,official_web,docs/reports/태영.txt,"운영시간 외에도 무료개방·입출차 24시간 가능(조사 확인). 운영시간 외엔 실시간 API만 멈춤(label_valid 축, access_rule 참고) — 입출차와는 무관 (네이버지도 기준, 일부는 공식 운영시간 미표기) [evidence_method는 임시 official_web — enum에 web_map 추가되면 교체 예정]"
161,관악노상1-2,sunday_holiday,00:00-24:00,00:00-24:00,,free,true,confirmed_open,true,2026-09-15,,2026-09-15,official_web,docs/reports/태영.txt,"운영시간 외에도 무료개방·입출차 24시간 가능(조사 확인). 운영시간 외엔 실시간 API만 멈춤(label_valid 축, access_rule 참고) — 입출차와는 무관 (네이버지도 기준, 일부는 공식 운영시간 미표기) [evidence_method는 임시 official_web — enum에 web_map 추가되면 교체 예정]"
162,관악노상1-3,weekday,00:00-24:00,00:00-24:00,09:00-19:00,paid_window_free_outside,true,confirmed_open,true,2026-09-15,,2026-09-15,official_web,docs/reports/태영.txt,"운영시간 외에도 무료개방·입출차 24시간 가능(조사 확인). 운영시간 외엔 실시간 API만 멈춤(label_valid 축, access_rule 참고) — 입출차와는 무관 (네이버지도 기준, 일부는 공식 운영시간 미표기) [evidence_method는 임시 official_web — enum에 web_map 추가되면 교체 예정]"
162,관악노상1-3,saturday,00:00-24:00,00:00-24:00,,free,true,confirmed_open,true,2026-09-15,,2026-09-15,official_web,docs/reports/태영.txt,"운영시간 외에도 무료개방·입출차 24시간 가능(조사 확인). 운영시간 외엔 실시간 API만 멈춤(label_valid 축, access_rule 참고) — 입출차와는 무관 (네이버지도 기준, 일부는 공식 운영시간 미표기) [evidence_method는 임시 official_web — enum에 web_map 추가되면 교체 예정]"
162,관악노상1-3,sunday_holiday,00:00-24:00,00:00-24:00,,free,true,confirmed_open,true,2026-09-15,,2026-09-15,official_web,docs/reports/태영.txt,"운영시간 외에도 무료개방·입출차 24시간 가능(조사 확인). 운영시간 외엔 실시간 API만 멈춤(label_valid 축, access_rule 참고) — 입출차와는 무관 (네이버지도 기준, 일부는 공식 운영시간 미표기) [evidence_method는 임시 official_web — enum에 web_map 추가되면 교체 예정]"
163,관악노상1-4,weekday,00:00-24:00,00:00-24:00,09:00-19:00,paid_window_free_outside,true,confirmed_open,true,2026-09-15,,2026-09-15,official_web,docs/reports/태영.txt,"운영시간 외에도 무료개방·입출차 24시간 가능(조사 확인). 운영시간 외엔 실시간 API만 멈춤(label_valid 축, access_rule 참고) — 입출차와는 무관 (네이버지도 기준, 일부는 공식 운영시간 미표기) [evidence_method는 임시 official_web — enum에 web_map 추가되면 교체 예정]"
163,관악노상1-4,saturday,00:00-24:00,00:00-24:00,,free,true,confirmed_open,true,2026-09-15,,2026-09-15,official_web,docs/reports/태영.txt,"운영시간 외에도 무료개방·입출차 24시간 가능(조사 확인). 운영시간 외엔 실시간 API만 멈춤(label_valid 축, access_rule 참고) — 입출차와는 무관 (네이버지도 기준, 일부는 공식 운영시간 미표기) [evidence_method는 임시 official_web — enum에 web_map 추가되면 교체 예정]"
163,관악노상1-4,sunday_holiday,00:00-24:00,00:00-24:00,,free,true,confirmed_open,true,2026-09-15,,2026-09-15,official_web,docs/reports/태영.txt,"운영시간 외에도 무료개방·입출차 24시간 가능(조사 확인). 운영시간 외엔 실시간 API만 멈춤(label_valid 축, access_rule 참고) — 입출차와는 무관 (네이버지도 기준, 일부는 공식 운영시간 미표기) [evidence_method는 임시 official_web — enum에 web_map 추가되면 교체 예정]"
164,관악노상1-5,weekday,00:00-24:00,00:00-24:00,09:00-19:00,paid_window_free_outside,true,confirmed_open,true,2026-09-15,,2026-09-15,official_web,docs/reports/태영.txt,"운영시간 외에도 무료개방·입출차 24시간 가능(조사 확인). 운영시간 외엔 실시간 API만 멈춤(label_valid 축, access_rule 참고) — 입출차와는 무관 (네이버지도 기준, 일부는 공식 운영시간 미표기) [evidence_method는 임시 official_web — enum에 web_map 추가되면 교체 예정]"
164,관악노상1-5,saturday,00:00-24:00,00:00-24:00,,free,true,confirmed_open,true,2026-09-15,,2026-09-15,official_web,docs/reports/태영.txt,"운영시간 외에도 무료개방·입출차 24시간 가능(조사 확인). 운영시간 외엔 실시간 API만 멈춤(label_valid 축, access_rule 참고) — 입출차와는 무관 (네이버지도 기준, 일부는 공식 운영시간 미표기) [evidence_method는 임시 official_web — enum에 web_map 추가되면 교체 예정]"
164,관악노상1-5,sunday_holiday,00:00-24:00,00:00-24:00,,free,true,confirmed_open,true,2026-09-15,,2026-09-15,official_web,docs/reports/태영.txt,"운영시간 외에도 무료개방·입출차 24시간 가능(조사 확인). 운영시간 외엔 실시간 API만 멈춤(label_valid 축, access_rule 참고) — 입출차와는 무관 (네이버지도 기준, 일부는 공식 운영시간 미표기) [evidence_method는 임시 official_web — enum에 web_map 추가되면 교체 예정]"
165,관악노상2-1,weekday,00:00-24:00,00:00-24:00,09:00-19:00,paid_window_free_outside,true,confirmed_open,true,2026-09-15,,2026-09-15,official_web,docs/reports/태영.txt,"운영시간 외에도 무료개방·입출차 24시간 가능(조사 확인). 운영시간 외엔 실시간 API만 멈춤(label_valid 축, access_rule 참고) — 입출차와는 무관 (네이버지도 기준, 일부는 공식 운영시간 미표기) [evidence_method는 임시 official_web — enum에 web_map 추가되면 교체 예정]"
165,관악노상2-1,saturday,00:00-24:00,00:00-24:00,,free,true,confirmed_open,true,2026-09-15,,2026-09-15,official_web,docs/reports/태영.txt,"운영시간 외에도 무료개방·입출차 24시간 가능(조사 확인). 운영시간 외엔 실시간 API만 멈춤(label_valid 축, access_rule 참고) — 입출차와는 무관 (네이버지도 기준, 일부는 공식 운영시간 미표기) [evidence_method는 임시 official_web — enum에 web_map 추가되면 교체 예정]"
165,관악노상2-1,sunday_holiday,00:00-24:00,00:00-24:00,,free,true,confirmed_open,true,2026-09-15,,2026-09-15,official_web,docs/reports/태영.txt,"운영시간 외에도 무료개방·입출차 24시간 가능(조사 확인). 운영시간 외엔 실시간 API만 멈춤(label_valid 축, access_rule 참고) — 입출차와는 무관 (네이버지도 기준, 일부는 공식 운영시간 미표기) [evidence_method는 임시 official_web — enum에 web_map 추가되면 교체 예정]"
166,관악노상2-2,weekday,00:00-24:00,00:00-24:00,09:00-19:00,paid_window_free_outside,true,confirmed_open,true,2026-09-15,,2026-09-15,official_web,docs/reports/태영.txt,"운영시간 외에도 무료개방·입출차 24시간 가능(조사 확인). 운영시간 외엔 실시간 API만 멈춤(label_valid 축, access_rule 참고) — 입출차와는 무관 (네이버지도 기준, 일부는 공식 운영시간 미표기) [evidence_method는 임시 official_web — enum에 web_map 추가되면 교체 예정]"
166,관악노상2-2,saturday,00:00-24:00,00:00-24:00,,free,true,confirmed_open,true,2026-09-15,,2026-09-15,official_web,docs/reports/태영.txt,"운영시간 외에도 무료개방·입출차 24시간 가능(조사 확인). 운영시간 외엔 실시간 API만 멈춤(label_valid 축, access_rule 참고) — 입출차와는 무관 (네이버지도 기준, 일부는 공식 운영시간 미표기) [evidence_method는 임시 official_web — enum에 web_map 추가되면 교체 예정]"
166,관악노상2-2,sunday_holiday,00:00-24:00,00:00-24:00,,free,true,confirmed_open,true,2026-09-15,,2026-09-15,official_web,docs/reports/태영.txt,"운영시간 외에도 무료개방·입출차 24시간 가능(조사 확인). 운영시간 외엔 실시간 API만 멈춤(label_valid 축, access_rule 참고) — 입출차와는 무관 (네이버지도 기준, 일부는 공식 운영시간 미표기) [evidence_method는 임시 official_web — enum에 web_map 추가되면 교체 예정]"
167,관악노상2-3,weekday,00:00-24:00,00:00-24:00,09:00-19:00,paid_window_free_outside,true,confirmed_open,true,2026-09-15,,2026-09-15,official_web,docs/reports/태영.txt,"운영시간 외에도 무료개방·입출차 24시간 가능(조사 확인). 운영시간 외엔 실시간 API만 멈춤(label_valid 축, access_rule 참고) — 입출차와는 무관 (네이버지도 기준, 일부는 공식 운영시간 미표기) [evidence_method는 임시 official_web — enum에 web_map 추가되면 교체 예정]"
167,관악노상2-3,saturday,00:00-24:00,00:00-24:00,,free,true,confirmed_open,true,2026-09-15,,2026-09-15,official_web,docs/reports/태영.txt,"운영시간 외에도 무료개방·입출차 24시간 가능(조사 확인). 운영시간 외엔 실시간 API만 멈춤(label_valid 축, access_rule 참고) — 입출차와는 무관 (네이버지도 기준, 일부는 공식 운영시간 미표기) [evidence_method는 임시 official_web — enum에 web_map 추가되면 교체 예정]"
167,관악노상2-3,sunday_holiday,00:00-24:00,00:00-24:00,,free,true,confirmed_open,true,2026-09-15,,2026-09-15,official_web,docs/reports/태영.txt,"운영시간 외에도 무료개방·입출차 24시간 가능(조사 확인). 운영시간 외엔 실시간 API만 멈춤(label_valid 축, access_rule 참고) — 입출차와는 무관 (네이버지도 기준, 일부는 공식 운영시간 미표기) [evidence_method는 임시 official_web — enum에 web_map 추가되면 교체 예정]"
168,관악노상2-4,weekday,00:00-24:00,00:00-24:00,09:00-19:00,paid_window_free_outside,true,confirmed_open,true,2026-09-15,,2026-09-15,official_web,docs/reports/태영.txt,"운영시간 외에도 무료개방·입출차 24시간 가능(조사 확인). 운영시간 외엔 실시간 API만 멈춤(label_valid 축, access_rule 참고) — 입출차와는 무관 (네이버지도 기준, 일부는 공식 운영시간 미표기) [evidence_method는 임시 official_web — enum에 web_map 추가되면 교체 예정]"
168,관악노상2-4,saturday,00:00-24:00,00:00-24:00,,free,true,confirmed_open,true,2026-09-15,,2026-09-15,official_web,docs/reports/태영.txt,"운영시간 외에도 무료개방·입출차 24시간 가능(조사 확인). 운영시간 외엔 실시간 API만 멈춤(label_valid 축, access_rule 참고) — 입출차와는 무관 (네이버지도 기준, 일부는 공식 운영시간 미표기) [evidence_method는 임시 official_web — enum에 web_map 추가되면 교체 예정]"
168,관악노상2-4,sunday_holiday,00:00-24:00,00:00-24:00,,free,true,confirmed_open,true,2026-09-15,,2026-09-15,official_web,docs/reports/태영.txt,"운영시간 외에도 무료개방·입출차 24시간 가능(조사 확인). 운영시간 외엔 실시간 API만 멈춤(label_valid 축, access_rule 참고) — 입출차와는 무관 (네이버지도 기준, 일부는 공식 운영시간 미표기) [evidence_method는 임시 official_web — enum에 web_map 추가되면 교체 예정]"
169,관악노상2-5,weekday,00:00-24:00,00:00-24:00,09:00-19:00,paid_window_free_outside,true,confirmed_open,true,2026-09-15,,2026-09-15,official_web,docs/reports/태영.txt,"운영시간 외에도 무료개방·입출차 24시간 가능(조사 확인). 운영시간 외엔 실시간 API만 멈춤(label_valid 축, access_rule 참고) — 입출차와는 무관 (네이버지도 기준, 일부는 공식 운영시간 미표기) [evidence_method는 임시 official_web — enum에 web_map 추가되면 교체 예정]"
169,관악노상2-5,saturday,00:00-24:00,00:00-24:00,,free,true,confirmed_open,true,2026-09-15,,2026-09-15,official_web,docs/reports/태영.txt,"운영시간 외에도 무료개방·입출차 24시간 가능(조사 확인). 운영시간 외엔 실시간 API만 멈춤(label_valid 축, access_rule 참고) — 입출차와는 무관 (네이버지도 기준, 일부는 공식 운영시간 미표기) [evidence_method는 임시 official_web — enum에 web_map 추가되면 교체 예정]"
169,관악노상2-5,sunday_holiday,00:00-24:00,00:00-24:00,,free,true,confirmed_open,true,2026-09-15,,2026-09-15,official_web,docs/reports/태영.txt,"운영시간 외에도 무료개방·입출차 24시간 가능(조사 확인). 운영시간 외엔 실시간 API만 멈춤(label_valid 축, access_rule 참고) — 입출차와는 무관 (네이버지도 기준, 일부는 공식 운영시간 미표기) [evidence_method는 임시 official_web — enum에 web_map 추가되면 교체 예정]"
170,관악노상2-6,weekday,00:00-24:00,00:00-24:00,09:00-19:00,paid_window_free_outside,true,confirmed_open,true,2026-09-15,,2026-09-15,official_web,docs/reports/태영.txt,"운영시간 외에도 무료개방·입출차 24시간 가능(조사 확인). 운영시간 외엔 실시간 API만 멈춤(label_valid 축, access_rule 참고) — 입출차와는 무관 (네이버지도 기준, 일부는 공식 운영시간 미표기) [evidence_method는 임시 official_web — enum에 web_map 추가되면 교체 예정]"
170,관악노상2-6,saturday,00:00-24:00,00:00-24:00,,free,true,confirmed_open,true,2026-09-15,,2026-09-15,official_web,docs/reports/태영.txt,"운영시간 외에도 무료개방·입출차 24시간 가능(조사 확인). 운영시간 외엔 실시간 API만 멈춤(label_valid 축, access_rule 참고) — 입출차와는 무관 (네이버지도 기준, 일부는 공식 운영시간 미표기) [evidence_method는 임시 official_web — enum에 web_map 추가되면 교체 예정]"
170,관악노상2-6,sunday_holiday,00:00-24:00,00:00-24:00,,free,true,confirmed_open,true,2026-09-15,,2026-09-15,official_web,docs/reports/태영.txt,"운영시간 외에도 무료개방·입출차 24시간 가능(조사 확인). 운영시간 외엔 실시간 API만 멈춤(label_valid 축, access_rule 참고) — 입출차와는 무관 (네이버지도 기준, 일부는 공식 운영시간 미표기) [evidence_method는 임시 official_web — enum에 web_map 추가되면 교체 예정]"
171,관악노상2-7,weekday,00:00-24:00,00:00-24:00,09:00-19:00,paid_window_free_outside,true,confirmed_open,true,2026-09-15,,2026-09-15,official_web,docs/reports/태영.txt,"운영시간 외에도 무료개방·입출차 24시간 가능(조사 확인). 운영시간 외엔 실시간 API만 멈춤(label_valid 축, access_rule 참고) — 입출차와는 무관 (네이버지도 기준, 일부는 공식 운영시간 미표기) [evidence_method는 임시 official_web — enum에 web_map 추가되면 교체 예정]"
171,관악노상2-7,saturday,00:00-24:00,00:00-24:00,,free,true,confirmed_open,true,2026-09-15,,2026-09-15,official_web,docs/reports/태영.txt,"운영시간 외에도 무료개방·입출차 24시간 가능(조사 확인). 운영시간 외엔 실시간 API만 멈춤(label_valid 축, access_rule 참고) — 입출차와는 무관 (네이버지도 기준, 일부는 공식 운영시간 미표기) [evidence_method는 임시 official_web — enum에 web_map 추가되면 교체 예정]"
171,관악노상2-7,sunday_holiday,00:00-24:00,00:00-24:00,,free,true,confirmed_open,true,2026-09-15,,2026-09-15,official_web,docs/reports/태영.txt,"운영시간 외에도 무료개방·입출차 24시간 가능(조사 확인). 운영시간 외엔 실시간 API만 멈춤(label_valid 축, access_rule 참고) — 입출차와는 무관 (네이버지도 기준, 일부는 공식 운영시간 미표기) [evidence_method는 임시 official_web — enum에 web_map 추가되면 교체 예정]"
172,인덕원동복개노상123,weekday,00:00-24:00,00:00-24:00,09:00-18:00,paid_window_free_outside,true,confirmed_open,true,2026-09-15,,2026-09-15,official_web,docs/reports/태영.txt,"운영시간 외에도 무료개방·입출차 24시간 가능(조사 확인). 운영시간 외엔 실시간 API만 멈춤(label_valid 축, access_rule 참고) — 입출차와는 무관 (네이버지도 기준, 일부는 공식 운영시간 미표기) [evidence_method는 임시 official_web — enum에 web_map 추가되면 교체 예정]"
172,인덕원동복개노상123,saturday,00:00-24:00,00:00-24:00,,free,true,confirmed_open,true,2026-09-15,,2026-09-15,official_web,docs/reports/태영.txt,"운영시간 외에도 무료개방·입출차 24시간 가능(조사 확인). 운영시간 외엔 실시간 API만 멈춤(label_valid 축, access_rule 참고) — 입출차와는 무관 (네이버지도 기준, 일부는 공식 운영시간 미표기) [evidence_method는 임시 official_web — enum에 web_map 추가되면 교체 예정]"
172,인덕원동복개노상123,sunday_holiday,00:00-24:00,00:00-24:00,,free,true,confirmed_open,true,2026-09-15,,2026-09-15,official_web,docs/reports/태영.txt,"운영시간 외에도 무료개방·입출차 24시간 가능(조사 확인). 운영시간 외엔 실시간 API만 멈춤(label_valid 축, access_rule 참고) — 입출차와는 무관 (네이버지도 기준, 일부는 공식 운영시간 미표기) [evidence_method는 임시 official_web — enum에 web_map 추가되면 교체 예정]"
241,먹거리촌노상1,weekday,00:00-24:00,00:00-24:00,10:00-21:00,paid_window_free_outside,true,confirmed_open,true,2026-09-15,,2026-09-15,official_web,docs/reports/태영.txt,"운영시간 외에도 무료개방·입출차 24시간 가능(조사 확인). 운영시간 외엔 실시간 API만 멈춤(label_valid 축, access_rule 참고) — 입출차와는 무관 (네이버지도 기준, 일부는 공식 운영시간 미표기) [evidence_method는 임시 official_web — enum에 web_map 추가되면 교체 예정]"
241,먹거리촌노상1,saturday,00:00-24:00,00:00-24:00,10:00-21:00,paid_window_free_outside,true,confirmed_open,true,2026-09-15,,2026-09-15,official_web,docs/reports/태영.txt,"운영시간 외에도 무료개방·입출차 24시간 가능(조사 확인). 운영시간 외엔 실시간 API만 멈춤(label_valid 축, access_rule 참고) — 입출차와는 무관 (네이버지도 기준, 일부는 공식 운영시간 미표기) [evidence_method는 임시 official_web — enum에 web_map 추가되면 교체 예정]"
241,먹거리촌노상1,sunday_holiday,00:00-24:00,00:00-24:00,,free,true,confirmed_open,true,2026-09-15,,2026-09-15,official_web,docs/reports/태영.txt,"운영시간 외에도 무료개방·입출차 24시간 가능(조사 확인). 운영시간 외엔 실시간 API만 멈춤(label_valid 축, access_rule 참고) — 입출차와는 무관 (네이버지도 기준, 일부는 공식 운영시간 미표기) [evidence_method는 임시 official_web — enum에 web_map 추가되면 교체 예정]"
261,먹거리촌노상2,weekday,00:00-24:00,00:00-24:00,10:00-21:00,paid_window_free_outside,true,confirmed_open,true,2026-09-15,,2026-09-15,official_web,docs/reports/태영.txt,"운영시간 외에도 무료개방·입출차 24시간 가능(조사 확인). 운영시간 외엔 실시간 API만 멈춤(label_valid 축, access_rule 참고) — 입출차와는 무관 (네이버지도 기준, 일부는 공식 운영시간 미표기) [evidence_method는 임시 official_web — enum에 web_map 추가되면 교체 예정]"
261,먹거리촌노상2,saturday,00:00-24:00,00:00-24:00,10:00-21:00,paid_window_free_outside,true,confirmed_open,true,2026-09-15,,2026-09-15,official_web,docs/reports/태영.txt,"운영시간 외에도 무료개방·입출차 24시간 가능(조사 확인). 운영시간 외엔 실시간 API만 멈춤(label_valid 축, access_rule 참고) — 입출차와는 무관 (네이버지도 기준, 일부는 공식 운영시간 미표기) [evidence_method는 임시 official_web — enum에 web_map 추가되면 교체 예정]"
261,먹거리촌노상2,sunday_holiday,00:00-24:00,00:00-24:00,,free,true,confirmed_open,true,2026-09-15,,2026-09-15,official_web,docs/reports/태영.txt,"운영시간 외에도 무료개방·입출차 24시간 가능(조사 확인). 운영시간 외엔 실시간 API만 멈춤(label_valid 축, access_rule 참고) — 입출차와는 무관 (네이버지도 기준, 일부는 공식 운영시간 미표기) [evidence_method는 임시 official_web — enum에 web_map 추가되면 교체 예정]"
262,먹거리촌노상3,weekday,00:00-24:00,00:00-24:00,10:00-21:00,paid_window_free_outside,true,confirmed_open,true,2026-09-15,,2026-09-15,official_web,docs/reports/태영.txt,"운영시간 외에도 무료개방·입출차 24시간 가능(조사 확인). 운영시간 외엔 실시간 API만 멈춤(label_valid 축, access_rule 참고) — 입출차와는 무관 (네이버지도 기준, 일부는 공식 운영시간 미표기) [evidence_method는 임시 official_web — enum에 web_map 추가되면 교체 예정]"
262,먹거리촌노상3,saturday,00:00-24:00,00:00-24:00,10:00-21:00,paid_window_free_outside,true,confirmed_open,true,2026-09-15,,2026-09-15,official_web,docs/reports/태영.txt,"운영시간 외에도 무료개방·입출차 24시간 가능(조사 확인). 운영시간 외엔 실시간 API만 멈춤(label_valid 축, access_rule 참고) — 입출차와는 무관 (네이버지도 기준, 일부는 공식 운영시간 미표기) [evidence_method는 임시 official_web — enum에 web_map 추가되면 교체 예정]"
262,먹거리촌노상3,sunday_holiday,00:00-24:00,00:00-24:00,,free,true,confirmed_open,true,2026-09-15,,2026-09-15,official_web,docs/reports/태영.txt,"운영시간 외에도 무료개방·입출차 24시간 가능(조사 확인). 운영시간 외엔 실시간 API만 멈춤(label_valid 축, access_rule 참고) — 입출차와는 무관 (네이버지도 기준, 일부는 공식 운영시간 미표기) [evidence_method는 임시 official_web — enum에 web_map 추가되면 교체 예정]"
56,학원가노상,weekday,00:00-24:00,00:00-24:00,10:00-20:00,paid_window_free_outside,true,confirmed_open,true,2026-09-15,,2026-09-15,official_web,docs/reports/태영.txt,"운영시간 외에도 무료개방·입출차 24시간 가능(조사 확인). 운영시간 외엔 실시간 API만 멈춤(label_valid 축, access_rule 참고) — 입출차와는 무관 (네이버지도 기준, 일부는 공식 운영시간 미표기) [evidence_method는 임시 official_web — enum에 web_map 추가되면 교체 예정]"
56,학원가노상,saturday,00:00-24:00,00:00-24:00,10:00-20:00,paid_window_free_outside,true,confirmed_open,true,2026-09-15,,2026-09-15,official_web,docs/reports/태영.txt,"운영시간 외에도 무료개방·입출차 24시간 가능(조사 확인). 운영시간 외엔 실시간 API만 멈춤(label_valid 축, access_rule 참고) — 입출차와는 무관 (네이버지도 기준, 일부는 공식 운영시간 미표기) [evidence_method는 임시 official_web — enum에 web_map 추가되면 교체 예정]"
56,학원가노상,sunday_holiday,00:00-24:00,00:00-24:00,,free,true,confirmed_open,true,2026-09-15,,2026-09-15,official_web,docs/reports/태영.txt,"운영시간 외에도 무료개방·입출차 24시간 가능(조사 확인). 운영시간 외엔 실시간 API만 멈춤(label_valid 축, access_rule 참고) — 입출차와는 무관 (네이버지도 기준, 일부는 공식 운영시간 미표기) [evidence_method는 임시 official_web — enum에 web_map 추가되면 교체 예정]"
23,덕천노상,weekday,00:00-24:00,00:00-24:00,09:00-17:00,paid_window_free_outside,true,confirmed_open,true,2026-09-15,,2026-09-15,official_web,docs/reports/태영.txt,"운영시간 외에도 무료개방·입출차 24시간 가능(조사 확인). 운영시간 외엔 실시간 API만 멈춤(label_valid 축, access_rule 참고) — 입출차와는 무관 (네이버지도 기준, 일부는 공식 운영시간 미표기) [evidence_method는 임시 official_web — enum에 web_map 추가되면 교체 예정]"
23,덕천노상,saturday,00:00-24:00,00:00-24:00,,free,true,confirmed_open,true,2026-09-15,,2026-09-15,official_web,docs/reports/태영.txt,"운영시간 외에도 무료개방·입출차 24시간 가능(조사 확인). 운영시간 외엔 실시간 API만 멈춤(label_valid 축, access_rule 참고) — 입출차와는 무관 (네이버지도 기준, 일부는 공식 운영시간 미표기) [evidence_method는 임시 official_web — enum에 web_map 추가되면 교체 예정]"
23,덕천노상,sunday_holiday,00:00-24:00,00:00-24:00,,free,true,confirmed_open,true,2026-09-15,,2026-09-15,official_web,docs/reports/태영.txt,"운영시간 외에도 무료개방·입출차 24시간 가능(조사 확인). 운영시간 외엔 실시간 API만 멈춤(label_valid 축, access_rule 참고) — 입출차와는 무관 (네이버지도 기준, 일부는 공식 운영시간 미표기) [evidence_method는 임시 official_web — enum에 web_map 추가되면 교체 예정]"
52,남부노상,weekday,00:00-24:00,00:00-24:00,10:00-18:00,paid_window_free_outside,true,confirmed_open,true,2026-09-15,,2026-09-15,official_web,docs/reports/태영.txt,"운영시간 외에도 무료개방·입출차 24시간 가능(조사 확인). 운영시간 외엔 실시간 API만 멈춤(label_valid 축, access_rule 참고) — 입출차와는 무관 (네이버지도 기준, 일부는 공식 운영시간 미표기) [evidence_method는 임시 official_web — enum에 web_map 추가되면 교체 예정]"
52,남부노상,saturday,00:00-24:00,00:00-24:00,,free,true,confirmed_open,true,2026-09-15,,2026-09-15,official_web,docs/reports/태영.txt,"운영시간 외에도 무료개방·입출차 24시간 가능(조사 확인). 운영시간 외엔 실시간 API만 멈춤(label_valid 축, access_rule 참고) — 입출차와는 무관 (네이버지도 기준, 일부는 공식 운영시간 미표기) [evidence_method는 임시 official_web — enum에 web_map 추가되면 교체 예정]"
52,남부노상,sunday_holiday,00:00-24:00,00:00-24:00,,free,true,confirmed_open,true,2026-09-15,,2026-09-15,official_web,docs/reports/태영.txt,"운영시간 외에도 무료개방·입출차 24시간 가능(조사 확인). 운영시간 외엔 실시간 API만 멈춤(label_valid 축, access_rule 참고) — 입출차와는 무관 (네이버지도 기준, 일부는 공식 운영시간 미표기) [evidence_method는 임시 official_web — enum에 web_map 추가되면 교체 예정]"
53,안양역1노상,weekday,00:00-24:00,00:00-24:00,10:00-22:00,paid_window_free_outside,true,confirmed_open,true,2026-09-15,,2026-09-15,official_web,docs/reports/태영.txt,"운영시간 외에도 무료개방·입출차 24시간 가능(조사 확인). 운영시간 외엔 실시간 API만 멈춤(label_valid 축, access_rule 참고) — 입출차와는 무관 (네이버지도 기준, 일부는 공식 운영시간 미표기) [evidence_method는 임시 official_web — enum에 web_map 추가되면 교체 예정]"
53,안양역1노상,saturday,00:00-24:00,00:00-24:00,10:00-22:00,paid_window_free_outside,true,confirmed_open,true,2026-09-15,,2026-09-15,official_web,docs/reports/태영.txt,"운영시간 외에도 무료개방·입출차 24시간 가능(조사 확인). 운영시간 외엔 실시간 API만 멈춤(label_valid 축, access_rule 참고) — 입출차와는 무관 (네이버지도 기준, 일부는 공식 운영시간 미표기) [evidence_method는 임시 official_web — enum에 web_map 추가되면 교체 예정]"
53,안양역1노상,sunday_holiday,00:00-24:00,00:00-24:00,10:00-22:00,paid_window_free_outside,true,confirmed_open,true,2026-09-15,,2026-09-15,official_web,docs/reports/태영.txt,"운영시간 외에도 무료개방·입출차 24시간 가능(조사 확인). 운영시간 외엔 실시간 API만 멈춤(label_valid 축, access_rule 참고) — 입출차와는 무관 (네이버지도 기준, 일부는 공식 운영시간 미표기) [evidence_method는 임시 official_web — enum에 web_map 추가되면 교체 예정]"
48,안양역2노상,weekday,00:00-24:00,00:00-24:00,10:00-22:00,paid_window_free_outside,true,confirmed_open,true,2026-09-15,,2026-09-15,official_web,docs/reports/태영.txt,"운영시간 외에도 무료개방·입출차 24시간 가능(조사 확인). 운영시간 외엔 실시간 API만 멈춤(label_valid 축, access_rule 참고) — 입출차와는 무관 (네이버지도 기준, 일부는 공식 운영시간 미표기) [evidence_method는 임시 official_web — enum에 web_map 추가되면 교체 예정]"
48,안양역2노상,saturday,00:00-24:00,00:00-24:00,10:00-22:00,paid_window_free_outside,true,confirmed_open,true,2026-09-15,,2026-09-15,official_web,docs/reports/태영.txt,"운영시간 외에도 무료개방·입출차 24시간 가능(조사 확인). 운영시간 외엔 실시간 API만 멈춤(label_valid 축, access_rule 참고) — 입출차와는 무관 (네이버지도 기준, 일부는 공식 운영시간 미표기) [evidence_method는 임시 official_web — enum에 web_map 추가되면 교체 예정]"
48,안양역2노상,sunday_holiday,00:00-24:00,00:00-24:00,10:00-22:00,paid_window_free_outside,true,confirmed_open,true,2026-09-15,,2026-09-15,official_web,docs/reports/태영.txt,"운영시간 외에도 무료개방·입출차 24시간 가능(조사 확인). 운영시간 외엔 실시간 API만 멈춤(label_valid 축, access_rule 참고) — 입출차와는 무관 (네이버지도 기준, 일부는 공식 운영시간 미표기) [evidence_method는 임시 official_web — enum에 web_map 추가되면 교체 예정]"
461,안양6동3노외,weekday,00:00-24:00,00:00-24:00,,unknown,true,confirmed_open,true,2026-09-15,,2026-09-15,official_web,docs/reports/태영.txt,"입출차 24시간 가능(조사 확인). 공식 요금 징수시간 미확인 (네이버지도 기준, 일부는 공식 운영시간 미표기) [evidence_method는 임시 official_web — enum에 web_map 추가되면 교체 예정]"
461,안양6동3노외,saturday,00:00-24:00,00:00-24:00,,unknown,true,confirmed_open,true,2026-09-15,,2026-09-15,official_web,docs/reports/태영.txt,"입출차 24시간 가능(조사 확인). 공식 요금 징수시간 미확인 (네이버지도 기준, 일부는 공식 운영시간 미표기) [evidence_method는 임시 official_web — enum에 web_map 추가되면 교체 예정]"
461,안양6동3노외,sunday_holiday,00:00-24:00,00:00-24:00,,unknown,true,confirmed_open,true,2026-09-15,,2026-09-15,official_web,docs/reports/태영.txt,"입출차 24시간 가능(조사 확인). 공식 요금 징수시간 미확인 (네이버지도 기준, 일부는 공식 운영시간 미표기) [evidence_method는 임시 official_web — enum에 web_map 추가되면 교체 예정]"
521,안양6동4노외,weekday,00:00-24:00,00:00-24:00,,unknown,true,confirmed_open,true,2026-09-15,,2026-09-15,official_web,docs/reports/태영.txt,"입출차 24시간 가능(조사 확인). 공식 요금 징수시간 미확인 (네이버지도 기준, 일부는 공식 운영시간 미표기) [evidence_method는 임시 official_web — enum에 web_map 추가되면 교체 예정]"
521,안양6동4노외,saturday,00:00-24:00,00:00-24:00,,unknown,true,confirmed_open,true,2026-09-15,,2026-09-15,official_web,docs/reports/태영.txt,"입출차 24시간 가능(조사 확인). 공식 요금 징수시간 미확인 (네이버지도 기준, 일부는 공식 운영시간 미표기) [evidence_method는 임시 official_web — enum에 web_map 추가되면 교체 예정]"
521,안양6동4노외,sunday_holiday,00:00-24:00,00:00-24:00,,unknown,true,confirmed_open,true,2026-09-15,,2026-09-15,official_web,docs/reports/태영.txt,"입출차 24시간 가능(조사 확인). 공식 요금 징수시간 미확인 (네이버지도 기준, 일부는 공식 운영시간 미표기) [evidence_method는 임시 official_web — enum에 web_map 추가되면 교체 예정]"
522,안양6동5노외(일반),weekday,00:00-24:00,00:00-24:00,,unknown,true,confirmed_open,true,2026-09-15,,2026-09-15,official_web,docs/reports/태영.txt,"입출차 24시간 가능(조사 확인). 공식 요금 징수시간 미확인 (네이버지도 기준, 일부는 공식 운영시간 미표기) [evidence_method는 임시 official_web — enum에 web_map 추가되면 교체 예정]"
522,안양6동5노외(일반),saturday,00:00-24:00,00:00-24:00,,unknown,true,confirmed_open,true,2026-09-15,,2026-09-15,official_web,docs/reports/태영.txt,"입출차 24시간 가능(조사 확인). 공식 요금 징수시간 미확인 (네이버지도 기준, 일부는 공식 운영시간 미표기) [evidence_method는 임시 official_web — enum에 web_map 추가되면 교체 예정]"
522,안양6동5노외(일반),sunday_holiday,00:00-24:00,00:00-24:00,,unknown,true,confirmed_open,true,2026-09-15,,2026-09-15,official_web,docs/reports/태영.txt,"입출차 24시간 가능(조사 확인). 공식 요금 징수시간 미확인 (네이버지도 기준, 일부는 공식 운영시간 미표기) [evidence_method는 임시 official_web — enum에 web_map 추가되면 교체 예정]"
441,율목복지관옆공영,weekday,00:00-24:00,00:00-24:00,,unknown,true,confirmed_open,true,2026-09-15,,2026-09-15,official_web,docs/reports/태영.txt,"입출차 24시간 가능(조사 확인). 공식 요금 징수시간 미확인 (네이버지도 기준, 일부는 공식 운영시간 미표기) [evidence_method는 임시 official_web — enum에 web_map 추가되면 교체 예정]"
441,율목복지관옆공영,saturday,00:00-24:00,00:00-24:00,,unknown,true,confirmed_open,true,2026-09-15,,2026-09-15,official_web,docs/reports/태영.txt,"입출차 24시간 가능(조사 확인). 공식 요금 징수시간 미확인 (네이버지도 기준, 일부는 공식 운영시간 미표기) [evidence_method는 임시 official_web — enum에 web_map 추가되면 교체 예정]"
441,율목복지관옆공영,sunday_holiday,00:00-24:00,00:00-24:00,,unknown,true,confirmed_open,true,2026-09-15,,2026-09-15,official_web,docs/reports/태영.txt,"입출차 24시간 가능(조사 확인). 공식 요금 징수시간 미확인 (네이버지도 기준, 일부는 공식 운영시간 미표기) [evidence_method는 임시 official_web — enum에 web_map 추가되면 교체 예정]"
18,개나리놀이터지하,weekday,00:00-24:00,00:00-24:00,,unknown,true,confirmed_open,true,2026-09-15,,2026-09-15,official_web,docs/reports/태영.txt,"24시간 운영으로만 확인, 유료/무료 여부 불명확 (네이버지도 기준, 일부는 공식 운영시간 미표기) [evidence_method는 임시 official_web — enum에 web_map 추가되면 교체 예정]"
18,개나리놀이터지하,saturday,00:00-24:00,00:00-24:00,,unknown,true,confirmed_open,true,2026-09-15,,2026-09-15,official_web,docs/reports/태영.txt,"24시간 운영으로만 확인, 유료/무료 여부 불명확 (네이버지도 기준, 일부는 공식 운영시간 미표기) [evidence_method는 임시 official_web — enum에 web_map 추가되면 교체 예정]"
18,개나리놀이터지하,sunday_holiday,00:00-24:00,00:00-24:00,,unknown,true,confirmed_open,true,2026-09-15,,2026-09-15,official_web,docs/reports/태영.txt,"24시간 운영으로만 확인, 유료/무료 여부 불명확 (네이버지도 기준, 일부는 공식 운영시간 미표기) [evidence_method는 임시 official_web — enum에 web_map 추가되면 교체 예정]"
122,호현마을2노외,weekday,00:00-24:00,00:00-24:00,,unknown,true,confirmed_open,true,2026-09-15,,2026-09-15,official_web,docs/reports/태영.txt,"24시간 운영으로만 확인, 유료/무료 여부 불명확 (네이버지도 기준, 일부는 공식 운영시간 미표기) [evidence_method는 임시 official_web — enum에 web_map 추가되면 교체 예정]"
122,호현마을2노외,saturday,00:00-24:00,00:00-24:00,,unknown,true,confirmed_open,true,2026-09-15,,2026-09-15,official_web,docs/reports/태영.txt,"24시간 운영으로만 확인, 유료/무료 여부 불명확 (네이버지도 기준, 일부는 공식 운영시간 미표기) [evidence_method는 임시 official_web — enum에 web_map 추가되면 교체 예정]"
122,호현마을2노외,sunday_holiday,00:00-24:00,00:00-24:00,,unknown,true,confirmed_open,true,2026-09-15,,2026-09-15,official_web,docs/reports/태영.txt,"24시간 운영으로만 확인, 유료/무료 여부 불명확 (네이버지도 기준, 일부는 공식 운영시간 미표기) [evidence_method는 임시 official_web — enum에 web_map 추가되면 교체 예정]"
301,친목마을노외,weekday,closed,closed,,unknown,false,confirmed_restricted,false,2026-09-15,,2026-09-15,official_web,docs/reports/태영.txt,"24시간 운영이지만 월정기권 전용 — 일반 시간제 차량 이용 불가(조사 확인) 야간 방치(overnight) 가능 여부는 조사 안 됨, 보수적으로 false (네이버지도 기준, 일부는 공식 운영시간 미표기) [evidence_method는 임시 official_web — enum에 web_map 추가되면 교체 예정]"
301,친목마을노외,saturday,closed,closed,,unknown,false,confirmed_restricted,false,2026-09-15,,2026-09-15,official_web,docs/reports/태영.txt,"24시간 운영이지만 월정기권 전용 — 일반 시간제 차량 이용 불가(조사 확인) 야간 방치(overnight) 가능 여부는 조사 안 됨, 보수적으로 false (네이버지도 기준, 일부는 공식 운영시간 미표기) [evidence_method는 임시 official_web — enum에 web_map 추가되면 교체 예정]"
301,친목마을노외,sunday_holiday,closed,closed,,unknown,false,confirmed_restricted,false,2026-09-15,,2026-09-15,official_web,docs/reports/태영.txt,"24시간 운영이지만 월정기권 전용 — 일반 시간제 차량 이용 불가(조사 확인) 야간 방치(overnight) 가능 여부는 조사 안 됨, 보수적으로 false (네이버지도 기준, 일부는 공식 운영시간 미표기) [evidence_method는 임시 official_web — enum에 web_map 추가되면 교체 예정]"
7,안양2동노외,weekday,10:00-22:00,10:00-22:00,10:00-22:00,paid_window_free_outside,false,confirmed_restricted,true,2026-09-15,,2026-09-15,official_web,docs/reports/태영.txt,"이 시간에만 입출차 가능, 그 외 입출차 불가(조사 확인). 요금 구간=입출차 가능 구간과 동일. 야간 방치(overnight) 가능 여부는 조사 안 됨, 보수적으로 false (네이버지도 기준, 일부는 공식 운영시간 미표기) [evidence_method는 임시 official_web — enum에 web_map 추가되면 교체 예정]"
7,안양2동노외,saturday,10:00-22:00,10:00-22:00,10:00-22:00,paid_window_free_outside,false,confirmed_restricted,true,2026-09-15,,2026-09-15,official_web,docs/reports/태영.txt,"이 시간에만 입출차 가능, 그 외 입출차 불가(조사 확인). 요금 구간=입출차 가능 구간과 동일. 야간 방치(overnight) 가능 여부는 조사 안 됨, 보수적으로 false (네이버지도 기준, 일부는 공식 운영시간 미표기) [evidence_method는 임시 official_web — enum에 web_map 추가되면 교체 예정]"
7,안양2동노외,sunday_holiday,10:00-22:00,10:00-22:00,10:00-22:00,paid_window_free_outside,false,confirmed_restricted,true,2026-09-15,,2026-09-15,official_web,docs/reports/태영.txt,"이 시간에만 입출차 가능, 그 외 입출차 불가(조사 확인). 요금 구간=입출차 가능 구간과 동일. 야간 방치(overnight) 가능 여부는 조사 안 됨, 보수적으로 false (네이버지도 기준, 일부는 공식 운영시간 미표기) [evidence_method는 임시 official_web — enum에 web_map 추가되면 교체 예정]"
14,호계3동노외,weekday,10:00-18:00,10:00-18:00,10:00-18:00,paid_window_free_outside,false,confirmed_restricted,true,2026-09-15,,2026-09-15,official_web,docs/reports/태영.txt,"이 시간에만 입출차 가능, 그 외 입출차 불가(조사 확인). 요금 구간=입출차 가능 구간과 동일. 야간 방치(overnight) 가능 여부는 조사 안 됨, 보수적으로 false (네이버지도 기준, 일부는 공식 운영시간 미표기) [evidence_method는 임시 official_web — enum에 web_map 추가되면 교체 예정]"
14,호계3동노외,saturday,closed,closed,,closed,false,confirmed_restricted,true,2026-09-15,,2026-09-15,official_web,docs/reports/태영.txt,"해당 요일 종일 입출차 불가(조사 확인). 야간 방치(overnight) 가능 여부는 조사 안 됨, 보수적으로 false (네이버지도 기준, 일부는 공식 운영시간 미표기) [evidence_method는 임시 official_web — enum에 web_map 추가되면 교체 예정]"
14,호계3동노외,sunday_holiday,closed,closed,,closed,false,confirmed_restricted,true,2026-09-15,,2026-09-15,official_web,docs/reports/태영.txt,"해당 요일 종일 입출차 불가(조사 확인). 야간 방치(overnight) 가능 여부는 조사 안 됨, 보수적으로 false (네이버지도 기준, 일부는 공식 운영시간 미표기) [evidence_method는 임시 official_web — enum에 web_map 추가되면 교체 예정]"
22,박달시장1노상노외,weekday,09:00-19:00,09:00-19:00,09:00-19:00,paid_window_free_outside,false,confirmed_restricted,true,2026-09-15,,2026-09-15,official_web,docs/reports/태영.txt,"이 시간에만 입출차 가능, 그 외 입출차 불가(조사 확인). 요금 구간=입출차 가능 구간과 동일. 야간 방치(overnight) 가능 여부는 조사 안 됨, 보수적으로 false (네이버지도 기준, 일부는 공식 운영시간 미표기) [evidence_method는 임시 official_web — enum에 web_map 추가되면 교체 예정]"
22,박달시장1노상노외,saturday,09:00-19:00,09:00-19:00,09:00-19:00,paid_window_free_outside,false,confirmed_restricted,true,2026-09-15,,2026-09-15,official_web,docs/reports/태영.txt,"이 시간에만 입출차 가능, 그 외 입출차 불가(조사 확인). 요금 구간=입출차 가능 구간과 동일. 야간 방치(overnight) 가능 여부는 조사 안 됨, 보수적으로 false (네이버지도 기준, 일부는 공식 운영시간 미표기) [evidence_method는 임시 official_web — enum에 web_map 추가되면 교체 예정]"
22,박달시장1노상노외,sunday_holiday,closed,closed,,closed,false,confirmed_restricted,true,2026-09-15,,2026-09-15,official_web,docs/reports/태영.txt,"해당 요일 종일 입출차 불가(조사 확인). 야간 방치(overnight) 가능 여부는 조사 안 됨, 보수적으로 false (네이버지도 기준, 일부는 공식 운영시간 미표기) [evidence_method는 임시 official_web — enum에 web_map 추가되면 교체 예정]"
10,인덕원환승,weekday,,,,unknown,false,unknown,true,2026-09-15,,2026-09-15,,,"조사표에 없음, 출처 확인 필요(예: 네이버지도). 야간 방치(overnight) 가능 여부는 조사 안 됨, 보수적으로 false"
10,인덕원환승,saturday,,,,unknown,false,unknown,true,2026-09-15,,2026-09-15,,,"조사표에 없음, 출처 확인 필요(예: 네이버지도). 야간 방치(overnight) 가능 여부는 조사 안 됨, 보수적으로 false"
10,인덕원환승,sunday_holiday,,,,unknown,false,unknown,true,2026-09-15,,2026-09-15,,,"조사표에 없음, 출처 확인 필요(예: 네이버지도). 야간 방치(overnight) 가능 여부는 조사 안 됨, 보수적으로 false"
16,평촌지하,weekday,,,,unknown,false,unknown,true,2026-09-15,,2026-09-15,,,"조사표에 없음, 출처 확인 필요(예: 네이버지도). 야간 방치(overnight) 가능 여부는 조사 안 됨, 보수적으로 false"
16,평촌지하,saturday,,,,unknown,false,unknown,true,2026-09-15,,2026-09-15,,,"조사표에 없음, 출처 확인 필요(예: 네이버지도). 야간 방치(overnight) 가능 여부는 조사 안 됨, 보수적으로 false"
16,평촌지하,sunday_holiday,,,,unknown,false,unknown,true,2026-09-15,,2026-09-15,,,"조사표에 없음, 출처 확인 필요(예: 네이버지도). 야간 방치(overnight) 가능 여부는 조사 안 됨, 보수적으로 false"
108,석수역좌우측노상,weekday,,,,unknown,false,unknown,true,2026-09-15,,2026-09-15,,,"조사표에 없음, 출처 확인 필요(예: 네이버지도). 야간 방치(overnight) 가능 여부는 조사 안 됨, 보수적으로 false"
108,석수역좌우측노상,saturday,,,,unknown,false,unknown,true,2026-09-15,,2026-09-15,,,"조사표에 없음, 출처 확인 필요(예: 네이버지도). 야간 방치(overnight) 가능 여부는 조사 안 됨, 보수적으로 false"
108,석수역좌우측노상,sunday_holiday,,,,unknown,false,unknown,true,2026-09-15,,2026-09-15,,,"조사표에 없음, 출처 확인 필요(예: 네이버지도). 야간 방치(overnight) 가능 여부는 조사 안 됨, 보수적으로 false"
81,"비호교1,2노외",weekday,,,,unknown,false,unknown,true,2026-09-15,,2026-09-15,,,"조사표에 없음, 출처 확인 필요(예: 네이버지도). 야간 방치(overnight) 가능 여부는 조사 안 됨, 보수적으로 false"
81,"비호교1,2노외",saturday,,,,unknown,false,unknown,true,2026-09-15,,2026-09-15,,,"조사표에 없음, 출처 확인 필요(예: 네이버지도). 야간 방치(overnight) 가능 여부는 조사 안 됨, 보수적으로 false"
81,"비호교1,2노외",sunday_holiday,,,,unknown,false,unknown,true,2026-09-15,,2026-09-15,,,"조사표에 없음, 출처 확인 필요(예: 네이버지도). 야간 방치(overnight) 가능 여부는 조사 안 됨, 보수적으로 false"
401,호원어린이공원노외,weekday,,,,unknown,false,unknown,true,2026-09-15,,2026-09-15,,,"조사표에서 보류/미확인으로 명시. 야간 방치(overnight) 가능 여부는 조사 안 됨, 보수적으로 false"
401,호원어린이공원노외,saturday,,,,unknown,false,unknown,true,2026-09-15,,2026-09-15,,,"조사표에서 보류/미확인으로 명시. 야간 방치(overnight) 가능 여부는 조사 안 됨, 보수적으로 false"
401,호원어린이공원노외,sunday_holiday,,,,unknown,false,unknown,true,2026-09-15,,2026-09-15,,,"조사표에서 보류/미확인으로 명시. 야간 방치(overnight) 가능 여부는 조사 안 됨, 보수적으로 false"
3,예술공원고가밑,weekday,,,,unknown,false,unknown,true,2026-09-15,,2026-09-15,,,"고정 feed, 예측·추천 대상 아님(predict_ok=0). 조사 대상 아님. 야간 방치(overnight) 가능 여부는 조사 안 됨, 보수적으로 false"
3,예술공원고가밑,saturday,,,,unknown,false,unknown,true,2026-09-15,,2026-09-15,,,"고정 feed, 예측·추천 대상 아님(predict_ok=0). 조사 대상 아님. 야간 방치(overnight) 가능 여부는 조사 안 됨, 보수적으로 false"
3,예술공원고가밑,sunday_holiday,,,,unknown,false,unknown,true,2026-09-15,,2026-09-15,,,"고정 feed, 예측·추천 대상 아님(predict_ok=0). 조사 대상 아님. 야간 방치(overnight) 가능 여부는 조사 안 됨, 보수적으로 false"
6,명학역노상,weekday,,,,unknown,false,unknown,true,2026-09-15,,2026-09-15,,,"고정 feed, 예측·추천 대상 아님(predict_ok=0). 조사 대상 아님. 야간 방치(overnight) 가능 여부는 조사 안 됨, 보수적으로 false"
6,명학역노상,saturday,,,,unknown,false,unknown,true,2026-09-15,,2026-09-15,,,"고정 feed, 예측·추천 대상 아님(predict_ok=0). 조사 대상 아님. 야간 방치(overnight) 가능 여부는 조사 안 됨, 보수적으로 false"
6,명학역노상,sunday_holiday,,,,unknown,false,unknown,true,2026-09-15,,2026-09-15,,,"고정 feed, 예측·추천 대상 아님(predict_ok=0). 조사 대상 아님. 야간 방치(overnight) 가능 여부는 조사 안 됨, 보수적으로 false"
15,석수대형화물,weekday,,,,unknown,false,unknown,true,2026-09-15,,2026-09-15,,,"고정 feed, 예측·추천 대상 아님(predict_ok=0). 조사 대상 아님. 야간 방치(overnight) 가능 여부는 조사 안 됨, 보수적으로 false"
15,석수대형화물,saturday,,,,unknown,false,unknown,true,2026-09-15,,2026-09-15,,,"고정 feed, 예측·추천 대상 아님(predict_ok=0). 조사 대상 아님. 야간 방치(overnight) 가능 여부는 조사 안 됨, 보수적으로 false"
15,석수대형화물,sunday_holiday,,,,unknown,false,unknown,true,2026-09-15,,2026-09-15,,,"고정 feed, 예측·추천 대상 아님(predict_ok=0). 조사 대상 아님. 야간 방치(overnight) 가능 여부는 조사 안 됨, 보수적으로 false"
19,냉천놀이터지하,weekday,,,,unknown,false,unknown,true,2026-09-15,,2026-09-15,,,"고정 feed, 예측·추천 대상 아님(predict_ok=0). 조사 대상 아님. 야간 방치(overnight) 가능 여부는 조사 안 됨, 보수적으로 false"
19,냉천놀이터지하,saturday,,,,unknown,false,unknown,true,2026-09-15,,2026-09-15,,,"고정 feed, 예측·추천 대상 아님(predict_ok=0). 조사 대상 아님. 야간 방치(overnight) 가능 여부는 조사 안 됨, 보수적으로 false"
19,냉천놀이터지하,sunday_holiday,,,,unknown,false,unknown,true,2026-09-15,,2026-09-15,,,"고정 feed, 예측·추천 대상 아님(predict_ok=0). 조사 대상 아님. 야간 방치(overnight) 가능 여부는 조사 안 됨, 보수적으로 false"
35,공업부지노외,weekday,,,,unknown,false,unknown,true,2026-09-15,,2026-09-15,,,"고정 feed, 예측·추천 대상 아님(predict_ok=0). 조사 대상 아님. 야간 방치(overnight) 가능 여부는 조사 안 됨, 보수적으로 false"
35,공업부지노외,saturday,,,,unknown,false,unknown,true,2026-09-15,,2026-09-15,,,"고정 feed, 예측·추천 대상 아님(predict_ok=0). 조사 대상 아님. 야간 방치(overnight) 가능 여부는 조사 안 됨, 보수적으로 false"
35,공업부지노외,sunday_holiday,,,,unknown,false,unknown,true,2026-09-15,,2026-09-15,,,"고정 feed, 예측·추천 대상 아님(predict_ok=0). 조사 대상 아님. 야간 방치(overnight) 가능 여부는 조사 안 됨, 보수적으로 false"
41,안양6동2노외,weekday,,,,unknown,false,unknown,true,2026-09-15,,2026-09-15,,,"고정 feed, 예측·추천 대상 아님(predict_ok=0). 조사 대상 아님. 야간 방치(overnight) 가능 여부는 조사 안 됨, 보수적으로 false"
41,안양6동2노외,saturday,,,,unknown,false,unknown,true,2026-09-15,,2026-09-15,,,"고정 feed, 예측·추천 대상 아님(predict_ok=0). 조사 대상 아님. 야간 방치(overnight) 가능 여부는 조사 안 됨, 보수적으로 false"
41,안양6동2노외,sunday_holiday,,,,unknown,false,unknown,true,2026-09-15,,2026-09-15,,,"고정 feed, 예측·추천 대상 아님(predict_ok=0). 조사 대상 아님. 야간 방치(overnight) 가능 여부는 조사 안 됨, 보수적으로 false"
45,평촌역노상,weekday,,,,unknown,false,unknown,true,2026-09-15,,2026-09-15,,,"고정 feed, 예측·추천 대상 아님(predict_ok=0). 조사 대상 아님. 야간 방치(overnight) 가능 여부는 조사 안 됨, 보수적으로 false"
45,평촌역노상,saturday,,,,unknown,false,unknown,true,2026-09-15,,2026-09-15,,,"고정 feed, 예측·추천 대상 아님(predict_ok=0). 조사 대상 아님. 야간 방치(overnight) 가능 여부는 조사 안 됨, 보수적으로 false"
45,평촌역노상,sunday_holiday,,,,unknown,false,unknown,true,2026-09-15,,2026-09-15,,,"고정 feed, 예측·추천 대상 아님(predict_ok=0). 조사 대상 아님. 야간 방치(overnight) 가능 여부는 조사 안 됨, 보수적으로 false"
46,범계역노상,weekday,,,,unknown,false,unknown,true,2026-09-15,,2026-09-15,,,"고정 feed, 예측·추천 대상 아님(predict_ok=0). 조사 대상 아님. 야간 방치(overnight) 가능 여부는 조사 안 됨, 보수적으로 false"
46,범계역노상,saturday,,,,unknown,false,unknown,true,2026-09-15,,2026-09-15,,,"고정 feed, 예측·추천 대상 아님(predict_ok=0). 조사 대상 아님. 야간 방치(overnight) 가능 여부는 조사 안 됨, 보수적으로 false"
46,범계역노상,sunday_holiday,,,,unknown,false,unknown,true,2026-09-15,,2026-09-15,,,"고정 feed, 예측·추천 대상 아님(predict_ok=0). 조사 대상 아님. 야간 방치(overnight) 가능 여부는 조사 안 됨, 보수적으로 false"
47,동안노상,weekday,,,,unknown,false,unknown,true,2026-09-15,,2026-09-15,,,"고정 feed, 예측·추천 대상 아님(predict_ok=0). 조사 대상 아님. 야간 방치(overnight) 가능 여부는 조사 안 됨, 보수적으로 false"
47,동안노상,saturday,,,,unknown,false,unknown,true,2026-09-15,,2026-09-15,,,"고정 feed, 예측·추천 대상 아님(predict_ok=0). 조사 대상 아님. 야간 방치(overnight) 가능 여부는 조사 안 됨, 보수적으로 false"
47,동안노상,sunday_holiday,,,,unknown,false,unknown,true,2026-09-15,,2026-09-15,,,"고정 feed, 예측·추천 대상 아님(predict_ok=0). 조사 대상 아님. 야간 방치(overnight) 가능 여부는 조사 안 됨, 보수적으로 false"
55,안양3동노상,weekday,,,,unknown,false,unknown,true,2026-09-15,,2026-09-15,,,"고정 feed, 예측·추천 대상 아님(predict_ok=0). 조사 대상 아님. 야간 방치(overnight) 가능 여부는 조사 안 됨, 보수적으로 false"
55,안양3동노상,saturday,,,,unknown,false,unknown,true,2026-09-15,,2026-09-15,,,"고정 feed, 예측·추천 대상 아님(predict_ok=0). 조사 대상 아님. 야간 방치(overnight) 가능 여부는 조사 안 됨, 보수적으로 false"
55,안양3동노상,sunday_holiday,,,,unknown,false,unknown,true,2026-09-15,,2026-09-15,,,"고정 feed, 예측·추천 대상 아님(predict_ok=0). 조사 대상 아님. 야간 방치(overnight) 가능 여부는 조사 안 됨, 보수적으로 false"
57,호계고가밑,weekday,,,,unknown,false,unknown,true,2026-09-15,,2026-09-15,,,"고정 feed, 예측·추천 대상 아님(predict_ok=0). 조사 대상 아님. 야간 방치(overnight) 가능 여부는 조사 안 됨, 보수적으로 false"
57,호계고가밑,saturday,,,,unknown,false,unknown,true,2026-09-15,,2026-09-15,,,"고정 feed, 예측·추천 대상 아님(predict_ok=0). 조사 대상 아님. 야간 방치(overnight) 가능 여부는 조사 안 됨, 보수적으로 false"
57,호계고가밑,sunday_holiday,,,,unknown,false,unknown,true,2026-09-15,,2026-09-15,,,"고정 feed, 예측·추천 대상 아님(predict_ok=0). 조사 대상 아님. 야간 방치(overnight) 가능 여부는 조사 안 됨, 보수적으로 false"
61,수리산1노상,weekday,,,,unknown,false,unknown,true,2026-09-15,,2026-09-15,,,"고정 feed, 예측·추천 대상 아님(predict_ok=0). 조사 대상 아님. 야간 방치(overnight) 가능 여부는 조사 안 됨, 보수적으로 false"
61,수리산1노상,saturday,,,,unknown,false,unknown,true,2026-09-15,,2026-09-15,,,"고정 feed, 예측·추천 대상 아님(predict_ok=0). 조사 대상 아님. 야간 방치(overnight) 가능 여부는 조사 안 됨, 보수적으로 false"
61,수리산1노상,sunday_holiday,,,,unknown,false,unknown,true,2026-09-15,,2026-09-15,,,"고정 feed, 예측·추천 대상 아님(predict_ok=0). 조사 대상 아님. 야간 방치(overnight) 가능 여부는 조사 안 됨, 보수적으로 false"
101,문예노상,weekday,,,,unknown,false,unknown,true,2026-09-15,,2026-09-15,,,"고정 feed, 예측·추천 대상 아님(predict_ok=0). 조사 대상 아님. 야간 방치(overnight) 가능 여부는 조사 안 됨, 보수적으로 false"
101,문예노상,saturday,,,,unknown,false,unknown,true,2026-09-15,,2026-09-15,,,"고정 feed, 예측·추천 대상 아님(predict_ok=0). 조사 대상 아님. 야간 방치(overnight) 가능 여부는 조사 안 됨, 보수적으로 false"
101,문예노상,sunday_holiday,,,,unknown,false,unknown,true,2026-09-15,,2026-09-15,,,"고정 feed, 예측·추천 대상 아님(predict_ok=0). 조사 대상 아님. 야간 방치(overnight) 가능 여부는 조사 안 됨, 보수적으로 false"
102,수리산2노상,weekday,,,,unknown,false,unknown,true,2026-09-15,,2026-09-15,,,"고정 feed, 예측·추천 대상 아님(predict_ok=0). 조사 대상 아님. 야간 방치(overnight) 가능 여부는 조사 안 됨, 보수적으로 false"
102,수리산2노상,saturday,,,,unknown,false,unknown,true,2026-09-15,,2026-09-15,,,"고정 feed, 예측·추천 대상 아님(predict_ok=0). 조사 대상 아님. 야간 방치(overnight) 가능 여부는 조사 안 됨, 보수적으로 false"
102,수리산2노상,sunday_holiday,,,,unknown,false,unknown,true,2026-09-15,,2026-09-15,,,"고정 feed, 예측·추천 대상 아님(predict_ok=0). 조사 대상 아님. 야간 방치(overnight) 가능 여부는 조사 안 됨, 보수적으로 false"
103,인덕원1노상,weekday,,,,unknown,false,unknown,true,2026-09-15,,2026-09-15,,,"고정 feed, 예측·추천 대상 아님(predict_ok=0). 조사 대상 아님. 야간 방치(overnight) 가능 여부는 조사 안 됨, 보수적으로 false"
103,인덕원1노상,saturday,,,,unknown,false,unknown,true,2026-09-15,,2026-09-15,,,"고정 feed, 예측·추천 대상 아님(predict_ok=0). 조사 대상 아님. 야간 방치(overnight) 가능 여부는 조사 안 됨, 보수적으로 false"
103,인덕원1노상,sunday_holiday,,,,unknown,false,unknown,true,2026-09-15,,2026-09-15,,,"고정 feed, 예측·추천 대상 아님(predict_ok=0). 조사 대상 아님. 야간 방치(overnight) 가능 여부는 조사 안 됨, 보수적으로 false"
104,인덕원2노상,weekday,,,,unknown,false,unknown,true,2026-09-15,,2026-09-15,,,"고정 feed, 예측·추천 대상 아님(predict_ok=0). 조사 대상 아님. 야간 방치(overnight) 가능 여부는 조사 안 됨, 보수적으로 false"
104,인덕원2노상,saturday,,,,unknown,false,unknown,true,2026-09-15,,2026-09-15,,,"고정 feed, 예측·추천 대상 아님(predict_ok=0). 조사 대상 아님. 야간 방치(overnight) 가능 여부는 조사 안 됨, 보수적으로 false"
104,인덕원2노상,sunday_holiday,,,,unknown,false,unknown,true,2026-09-15,,2026-09-15,,,"고정 feed, 예측·추천 대상 아님(predict_ok=0). 조사 대상 아님. 야간 방치(overnight) 가능 여부는 조사 안 됨, 보수적으로 false"
105,관양시장노상,weekday,,,,unknown,false,unknown,true,2026-09-15,,2026-09-15,,,"고정 feed, 예측·추천 대상 아님(predict_ok=0). 조사 대상 아님. 야간 방치(overnight) 가능 여부는 조사 안 됨, 보수적으로 false"
105,관양시장노상,saturday,,,,unknown,false,unknown,true,2026-09-15,,2026-09-15,,,"고정 feed, 예측·추천 대상 아님(predict_ok=0). 조사 대상 아님. 야간 방치(overnight) 가능 여부는 조사 안 됨, 보수적으로 false"
105,관양시장노상,sunday_holiday,,,,unknown,false,unknown,true,2026-09-15,,2026-09-15,,,"고정 feed, 예측·추천 대상 아님(predict_ok=0). 조사 대상 아님. 야간 방치(overnight) 가능 여부는 조사 안 됨, 보수적으로 false"
107,삼막사노상,weekday,,,,unknown,false,unknown,true,2026-09-15,,2026-09-15,,,"고정 feed, 예측·추천 대상 아님(predict_ok=0). 조사 대상 아님. 야간 방치(overnight) 가능 여부는 조사 안 됨, 보수적으로 false"
107,삼막사노상,saturday,,,,unknown,false,unknown,true,2026-09-15,,2026-09-15,,,"고정 feed, 예측·추천 대상 아님(predict_ok=0). 조사 대상 아님. 야간 방치(overnight) 가능 여부는 조사 안 됨, 보수적으로 false"
107,삼막사노상,sunday_holiday,,,,unknown,false,unknown,true,2026-09-15,,2026-09-15,,,"고정 feed, 예측·추천 대상 아님(predict_ok=0). 조사 대상 아님. 야간 방치(overnight) 가능 여부는 조사 안 됨, 보수적으로 false"
109,관악3노상,weekday,,,,unknown,false,unknown,true,2026-09-15,,2026-09-15,,,"고정 feed, 예측·추천 대상 아님(predict_ok=0). 조사 대상 아님. 야간 방치(overnight) 가능 여부는 조사 안 됨, 보수적으로 false"
109,관악3노상,saturday,,,,unknown,false,unknown,true,2026-09-15,,2026-09-15,,,"고정 feed, 예측·추천 대상 아님(predict_ok=0). 조사 대상 아님. 야간 방치(overnight) 가능 여부는 조사 안 됨, 보수적으로 false"
109,관악3노상,sunday_holiday,,,,unknown,false,unknown,true,2026-09-15,,2026-09-15,,,"고정 feed, 예측·추천 대상 아님(predict_ok=0). 조사 대상 아님. 야간 방치(overnight) 가능 여부는 조사 안 됨, 보수적으로 false"
110,삼봉노상,weekday,,,,unknown,false,unknown,true,2026-09-15,,2026-09-15,,,"고정 feed, 예측·추천 대상 아님(predict_ok=0). 조사 대상 아님. 야간 방치(overnight) 가능 여부는 조사 안 됨, 보수적으로 false"
110,삼봉노상,saturday,,,,unknown,false,unknown,true,2026-09-15,,2026-09-15,,,"고정 feed, 예측·추천 대상 아님(predict_ok=0). 조사 대상 아님. 야간 방치(overnight) 가능 여부는 조사 안 됨, 보수적으로 false"
110,삼봉노상,sunday_holiday,,,,unknown,false,unknown,true,2026-09-15,,2026-09-15,,,"고정 feed, 예측·추천 대상 아님(predict_ok=0). 조사 대상 아님. 야간 방치(overnight) 가능 여부는 조사 안 됨, 보수적으로 false"
111,먹거리촌노외,weekday,,,,unknown,false,unknown,true,2026-09-15,,2026-09-15,,,"고정 feed, 예측·추천 대상 아님(predict_ok=0). 조사 대상 아님. 야간 방치(overnight) 가능 여부는 조사 안 됨, 보수적으로 false"
111,먹거리촌노외,saturday,,,,unknown,false,unknown,true,2026-09-15,,2026-09-15,,,"고정 feed, 예측·추천 대상 아님(predict_ok=0). 조사 대상 아님. 야간 방치(overnight) 가능 여부는 조사 안 됨, 보수적으로 false"
111,먹거리촌노외,sunday_holiday,,,,unknown,false,unknown,true,2026-09-15,,2026-09-15,,,"고정 feed, 예측·추천 대상 아님(predict_ok=0). 조사 대상 아님. 야간 방치(overnight) 가능 여부는 조사 안 됨, 보수적으로 false"
